year,code,country,sex,value,highlighted
2000,AUS,Australia,Male,66.43714460837548,False
2000,AUS,Australia,Female,69.15100466277593,False
2001,AUS,Australia,Male,66.68825329855746,False
2001,AUS,Australia,Female,69.22748007904539,False
2002,AUS,Australia,Male,66.88790640034111,False
2002,AUS,Australia,Female,69.27935577686272,False
2003,AUS,Australia,Male,67.12569623303561,False
2003,AUS,Australia,Female,69.42191246728643,False
2004,AUS,Australia,Male,67.36127675852595,False
2004,AUS,Australia,Female,69.57888989450359,False
2005,AUS,Australia,Male,67.6535355739504,False
2005,AUS,Australia,Female,69.74164525390799,False
2006,AUS,Australia,Male,67.80985631827538,False
2006,AUS,Australia,Female,69.81225520889276,False
2007,AUS,Australia,Male,67.81565338102479,False
2007,AUS,Australia,Female,69.78346535529248,False
2008,AUS,Australia,Male,67.82530506465477,False
2008,AUS,Australia,Female,69.72500559532976,False
2009,AUS,Australia,Male,68.00700797250802,False
2009,AUS,Australia,Female,69.84831108379962,False
2010,AUS,Australia,Male,68.16988237434308,False
2010,AUS,Australia,Female,69.93359202012005,False
2011,AUS,Australia,Male,68.31099531361198,False
2011,AUS,Australia,Female,69.96048695778386,False
2012,AUS,Australia,Male,68.58667813016353,False
2012,AUS,Australia,Female,70.07184460559807,False
2013,AUS,Australia,Male,68.76625524192333,False
2013,AUS,Australia,Female,70.20112747795125,False
2014,AUS,Australia,Male,68.7760296445992,False
2014,AUS,Australia,Female,70.1518341635014,False
2015,AUS,Australia,Male,68.83017935512929,False
2015,AUS,Australia,Female,70.19233457639845,False
2016,AUS,Australia,Male,68.98101555506283,False
2016,AUS,Australia,Female,70.32359849134271,False
2017,AUS,Australia,Male,69.126906784335,False
2017,AUS,Australia,Female,70.39146991940153,False
2018,AUS,Australia,Male,69.27165372566432,False
2018,AUS,Australia,Female,70.49239594738468,False
2019,AUS,Australia,Male,69.24006727272787,False
2019,AUS,Australia,Female,70.4806697548512,False
2020,AUS,Australia,Male,69.50197562163761,False
2020,AUS,Australia,Female,70.62050726458752,False
2021,AUS,Australia,Male,69.47786228506084,False
2021,AUS,Australia,Female,70.48051296795204,False
2022,AUS,Australia,Male,68.95256482505518,False
2022,AUS,Australia,Female,69.99725251187047,False
2023,AUS,Australia,Male,69.5264120971187,False
2023,AUS,Australia,Female,70.45292808194318,False
2000,AUT,Austria,Male,65.6702724790406,False
2000,AUT,Austria,Female,69.37042940526086,False
2001,AUT,Austria,Male,65.92964130887893,False
2001,AUT,Austria,Female,69.55861876421,False
2002,AUT,Austria,Male,66.03232195894952,False
2002,AUT,Austria,Female,69.5925349500104,False
2003,AUT,Austria,Male,66.15567746886873,False
2003,AUT,Austria,Female,69.63623547608114,False
2004,AUT,Austria,Male,66.40528922882383,False
2004,AUT,Austria,Female,69.85019938590376,False
2005,AUT,Austria,Male,66.61154794275306,False
2005,AUT,Austria,Female,69.96251787631188,False
2006,AUT,Austria,Male,66.8433527327412,False
2006,AUT,Austria,Female,70.11040197836627,False
2007,AUT,Austria,Male,67.09733137778414,False
2007,AUT,Austria,Female,70.30788434398924,False
2008,AUT,Austria,Male,67.29346665866959,False
2008,AUT,Austria,Female,70.44153469034772,False
2009,AUT,Austria,Male,67.34365012956792,False
2009,AUT,Austria,Female,70.54459984570707,False
2010,AUT,Austria,Male,67.55608210184306,False
2010,AUT,Austria,Female,70.6992364790493,False
2011,AUT,Austria,Male,67.8245654680999,False
2011,AUT,Austria,Female,70.84658883365073,False
2012,AUT,Austria,Male,68.01012721076752,False
2012,AUT,Austria,Female,70.7983871000183,False
2013,AUT,Austria,Male,68.18454740971801,False
2013,AUT,Austria,Female,70.87670658732009,False
2014,AUT,Austria,Male,68.42491559052674,False
2014,AUT,Austria,Female,70.99633595799136,False
2015,AUT,Austria,Male,68.43126828315418,False
2015,AUT,Austria,Female,70.93057370917604,False
2016,AUT,Austria,Male,68.67794075782952,False
2016,AUT,Austria,Female,71.06560537632264,False
2017,AUT,Austria,Male,68.85322866979786,False
2017,AUT,Austria,Female,71.11634341172793,False
2018,AUT,Austria,Male,68.96679325736471,False
2018,AUT,Austria,Female,71.21407918712629,False
2019,AUT,Austria,Male,69.16544847264362,False
2019,AUT,Austria,Female,71.36823180118941,False
2020,AUT,Austria,Male,68.50230731384589,False
2020,AUT,Austria,Female,70.70018948120138,False
2021,AUT,Austria,Male,68.29620139511216,False
2021,AUT,Austria,Female,70.56020966103543,False
2022,AUT,Austria,Male,68.52690190753799,False
2022,AUT,Austria,Female,70.69794855082505,False
2023,AUT,Austria,Male,68.9060711584777,False
2023,AUT,Austria,Female,70.98885784114161,False
2000,BEL,Belgium,Male,65.6700517814532,False
2000,BEL,Belgium,Female,68.83355172117997,False
2001,BEL,Belgium,Male,65.88810964062648,False
2001,BEL,Belgium,Female,68.95411365296414,False
2002,BEL,Belgium,Male,66.0082674927205,False
2002,BEL,Belgium,Female,68.95822918218596,False
2003,BEL,Belgium,Male,66.24760697462965,False
2003,BEL,Belgium,Female,69.00310564518709,False
2004,BEL,Belgium,Male,66.54611368533345,False
2004,BEL,Belgium,Female,69.21904488137316,False
2005,BEL,Belgium,Male,66.74807380699879,False
2005,BEL,Belgium,Female,69.33095684101845,False
2006,BEL,Belgium,Male,67.02629422418907,False
2006,BEL,Belgium,Female,69.49313621230209,False
2007,BEL,Belgium,Male,67.14444600956675,False
2007,BEL,Belgium,Female,69.5199390456454,False
2008,BEL,Belgium,Male,67.18242326296946,False
2008,BEL,Belgium,Female,69.54672482524431,False
2009,BEL,Belgium,Male,67.33801863424686,False
2009,BEL,Belgium,Female,69.6226029339852,False
2010,BEL,Belgium,Male,67.49473884700788,False
2010,BEL,Belgium,Female,69.70618936518673,False
2011,BEL,Belgium,Male,67.70206202926774,False
2011,BEL,Belgium,Female,69.81978082722475,False
2012,BEL,Belgium,Male,67.72777476342397,False
2012,BEL,Belgium,Female,69.78592605401064,False
2013,BEL,Belgium,Male,67.95754289745962,False
2013,BEL,Belgium,Female,69.90236838748119,False
2014,BEL,Belgium,Male,68.3107964604309,False
2014,BEL,Belgium,Female,70.06331646071106,False
2015,BEL,Belgium,Male,68.44064824826708,False
2015,BEL,Belgium,Female,70.0664190182355,False
2016,BEL,Belgium,Male,68.58751316089484,False
2016,BEL,Belgium,Female,70.19570140289309,False
2017,BEL,Belgium,Male,68.84412141114731,False
2017,BEL,Belgium,Female,70.3375885049597,False
2018,BEL,Belgium,Male,69.07436175641465,False
2018,BEL,Belgium,Female,70.46410394696608,False
2019,BEL,Belgium,Male,69.26337410047468,False
2019,BEL,Belgium,Female,70.68148390086223,False
2020,BEL,Belgium,Male,67.96850174037701,False
2020,BEL,Belgium,Female,69.46318672085808,False
2021,BEL,Belgium,Male,68.65359224122597,False
2021,BEL,Belgium,Female,69.98187593297916,False
2022,BEL,Belgium,Male,68.78664616242055,False
2022,BEL,Belgium,Female,69.84585164722624,False
2023,BEL,Belgium,Male,69.25822384334656,False
2023,BEL,Belgium,Female,70.29457582578706,False
2000,CAN,Canada,Male,66.35265637545433,False
2000,CAN,Canada,Female,68.3356406053677,False
2001,CAN,Canada,Male,66.54278634003397,False
2001,CAN,Canada,Female,68.39444078070699,False
2002,CAN,Canada,Male,66.64813158172076,False
2002,CAN,Canada,Female,68.43422478338356,False
2003,CAN,Canada,Male,66.74448736921211,False
2003,CAN,Canada,Female,68.5572493509613,False
2004,CAN,Canada,Male,66.88867417239716,False
2004,CAN,Canada,Female,68.64088533573593,False
2005,CAN,Canada,Male,67.05377990470328,False
2005,CAN,Canada,Female,68.73299072466575,False
2006,CAN,Canada,Male,67.26206213257699,False
2006,CAN,Canada,Female,68.88448906024354,False
2007,CAN,Canada,Male,67.32546143395805,False
2007,CAN,Canada,Female,68.9046205780584,False
2008,CAN,Canada,Male,67.46399245616294,False
2008,CAN,Canada,Female,68.96026205394581,False
2009,CAN,Canada,Male,67.69442780751399,False
2009,CAN,Canada,Female,69.09736342592151,False
2010,CAN,Canada,Male,67.95498756606926,False
2010,CAN,Canada,Female,69.2133628298396,False
2011,CAN,Canada,Male,68.17666560672475,False
2011,CAN,Canada,Female,69.30947249136958,False
2012,CAN,Canada,Male,68.24298796518802,False
2012,CAN,Canada,Female,69.36158481842172,False
2013,CAN,Canada,Male,68.31110289473152,False
2013,CAN,Canada,Female,69.40624671908834,False
2014,CAN,Canada,Male,68.31463250333869,False
2014,CAN,Canada,Female,69.38550398750895,False
2015,CAN,Canada,Male,68.37324643170655,False
2015,CAN,Canada,Female,69.38780654635526,False
2016,CAN,Canada,Male,68.37751172979905,False
2016,CAN,Canada,Female,69.41494417720264,False
2017,CAN,Canada,Male,68.31970051849964,False
2017,CAN,Canada,Female,69.42166480031199,False
2018,CAN,Canada,Male,68.32085628851239,False
2018,CAN,Canada,Female,69.41751703885772,False
2019,CAN,Canada,Male,68.34552884111761,False
2019,CAN,Canada,Female,69.49176832353204,False
2020,CAN,Canada,Male,67.61252328692385,False
2020,CAN,Canada,Female,68.89917233932587,False
2021,CAN,Canada,Male,67.3538567555305,False
2021,CAN,Canada,Female,68.79476097947311,False
2022,CAN,Canada,Male,67.24002756214674,False
2022,CAN,Canada,Female,68.48767089607911,False
2023,CAN,Canada,Male,67.66704668326955,False
2023,CAN,Canada,Female,68.75871251743868,False
2000,CHE,Switzerland,Male,67.16608845404811,False
2000,CHE,Switzerland,Female,70.37982305612319,False
2001,CHE,Switzerland,Male,67.41445644757519,False
2001,CHE,Switzerland,Female,70.48784553410552,False
2002,CHE,Switzerland,Male,67.73628068670742,False
2002,CHE,Switzerland,Female,70.6103424185625,False
2003,CHE,Switzerland,Male,67.92949779443165,False
2003,CHE,Switzerland,Female,70.63317479478054,False
2004,CHE,Switzerland,Male,68.33753632384244,False
2004,CHE,Switzerland,Female,70.93775938058933,False
2005,CHE,Switzerland,Male,68.5693896273219,False
2005,CHE,Switzerland,Female,71.10251267105966,False
2006,CHE,Switzerland,Male,68.82277715720961,False
2006,CHE,Switzerland,Female,71.22947765503001,False
2007,CHE,Switzerland,Male,69.04276787548666,False
2007,CHE,Switzerland,Female,71.30512618054563,False
2008,CHE,Switzerland,Male,69.25451135242713,False
2008,CHE,Switzerland,Female,71.33675718589657,False
2009,CHE,Switzerland,Male,69.40449928847082,False
2009,CHE,Switzerland,Female,71.37539033461958,False
2010,CHE,Switzerland,Male,69.57868281995887,False
2010,CHE,Switzerland,Female,71.471534214051,False
2011,CHE,Switzerland,Male,69.78822829542577,False
2011,CHE,Switzerland,Female,71.56143877334071,False
2012,CHE,Switzerland,Male,69.9639252658612,False
2012,CHE,Switzerland,Female,71.57764790201222,False
2013,CHE,Switzerland,Male,70.09976880114267,False
2013,CHE,Switzerland,Female,71.61587601596592,False
2014,CHE,Switzerland,Male,70.27364874355285,False
2014,CHE,Switzerland,Female,71.72950910505233,False
2015,CHE,Switzerland,Male,70.35854571250948,False
2015,CHE,Switzerland,Female,71.74792573182826,False
2016,CHE,Switzerland,Male,70.61178200248784,False
2016,CHE,Switzerland,Female,71.85322852071064,False
2017,CHE,Switzerland,Male,70.78271941452198,False
2017,CHE,Switzerland,Female,71.90145983276345,False
2018,CHE,Switzerland,Male,70.96316236547449,False
2018,CHE,Switzerland,Female,72.00487986291118,False
2019,CHE,Switzerland,Male,71.13215445240242,False
2019,CHE,Switzerland,Female,72.10233364350083,False
2020,CHE,Switzerland,Male,70.32081074172876,False
2020,CHE,Switzerland,Female,71.31551574928186,False
2021,CHE,Switzerland,Male,70.61476624744863,False
2021,CHE,Switzerland,Female,71.52445582863439,False
2022,CHE,Switzerland,Male,70.56725932379724,False
2022,CHE,Switzerland,Female,71.36205148645864,False
2023,CHE,Switzerland,Male,71.23609943449154,False
2023,CHE,Switzerland,Female,71.87381282768273,False
2000,CHL,Chile,Male,64.83431476777496,False
2000,CHL,Chile,Female,67.90682067521027,False
2001,CHL,Chile,Male,64.91388950807735,False
2001,CHL,Chile,Female,67.967312612654,False
2002,CHL,Chile,Male,65.14966324730973,False
2002,CHL,Chile,Female,68.07727301451389,False
2003,CHL,Chile,Male,65.31460532478559,False
2003,CHL,Chile,Female,68.13025016231832,False
2004,CHL,Chile,Male,65.52487131252944,False
2004,CHL,Chile,Female,68.20430786628583,False
2005,CHL,Chile,Male,65.82120177753453,False
2005,CHL,Chile,Female,68.33728057559948,False
2006,CHL,Chile,Male,66.10448219167056,False
2006,CHL,Chile,Female,68.58378336889218,False
2007,CHL,Chile,Male,66.23587480310061,False
2007,CHL,Chile,Female,68.78802040073785,False
2008,CHL,Chile,Male,66.48194639290926,False
2008,CHL,Chile,Female,69.20932301417338,False
2009,CHL,Chile,Male,66.54089533552002,False
2009,CHL,Chile,Female,69.37130324339788,False
2010,CHL,Chile,Male,66.5267481108022,False
2010,CHL,Chile,Female,69.28378696047253,False
2011,CHL,Chile,Male,66.89653192177515,False
2011,CHL,Chile,Female,69.51520871255475,False
2012,CHL,Chile,Male,67.12970519908778,False
2012,CHL,Chile,Female,69.60684201600502,False
2013,CHL,Chile,Male,67.21412086951611,False
2013,CHL,Chile,Female,69.68405245656402,False
2014,CHL,Chile,Male,67.33832880907984,False
2014,CHL,Chile,Female,69.76769038083218,False
2015,CHL,Chile,Male,67.49023979865916,False
2015,CHL,Chile,Female,69.8552526440875,False
2016,CHL,Chile,Male,67.72635636596748,False
2016,CHL,Chile,Female,69.99148596608019,False
2017,CHL,Chile,Male,67.9318239746084,False
2017,CHL,Chile,Female,70.19242694437052,False
2018,CHL,Chile,Male,68.10255614269776,False
2018,CHL,Chile,Female,70.36643953724439,False
2019,CHL,Chile,Male,68.17433537384852,False
2019,CHL,Chile,Female,70.44719945998571,False
2020,CHL,Chile,Male,66.72868648594054,False
2020,CHL,Chile,Female,69.19821054840472,False
2021,CHL,Chile,Male,66.1458180173667,False
2021,CHL,Chile,Female,68.66047562082163,False
2022,CHL,Chile,Male,66.87191853181595,False
2022,CHL,Chile,Female,69.07406835607118,False
2023,CHL,Chile,Male,67.80057499400596,False
2023,CHL,Chile,Female,69.59305592055672,False
2000,COL,Colombia,Male,60.74052630323435,False
2000,COL,Colombia,Female,65.4128841304834,False
2001,COL,Colombia,Male,60.89498152751336,False
2001,COL,Colombia,Female,65.61991110649376,False
2002,COL,Colombia,Male,60.96556431662465,False
2002,COL,Colombia,Female,65.78392679375594,False
2003,COL,Colombia,Male,62.13754822097023,False
2003,COL,Colombia,Female,66.11800569563567,False
2004,COL,Colombia,Male,62.708486853028646,False
2004,COL,Colombia,Female,66.48879899221666,False
2005,COL,Colombia,Male,63.33230353086375,False
2005,COL,Colombia,Female,66.8157557137667,False
2006,COL,Colombia,Male,63.72077031347765,False
2006,COL,Colombia,Female,67.061944216486,False
2007,COL,Colombia,Male,64.11075165379098,False
2007,COL,Colombia,Female,67.368462178474,False
2008,COL,Colombia,Male,64.39106108922579,False
2008,COL,Colombia,Female,67.62292724319707,False
2009,COL,Colombia,Male,64.6399647665502,False
2009,COL,Colombia,Female,68.00812478648481,False
2010,COL,Colombia,Male,64.94995141442121,False
2010,COL,Colombia,Female,68.23018581325462,False
2011,COL,Colombia,Male,65.45954331770633,False
2011,COL,Colombia,Female,68.57524879354787,False
2012,COL,Colombia,Male,65.78349406170716,False
2012,COL,Colombia,Female,68.85167765265754,False
2013,COL,Colombia,Male,66.05657914551585,False
2013,COL,Colombia,Female,69.00325960737963,False
2014,COL,Colombia,Male,66.24072039072182,False
2014,COL,Colombia,Female,69.02487935743659,False
2015,COL,Colombia,Male,66.28463627440642,False
2015,COL,Colombia,Female,69.0607710237073,False
2016,COL,Colombia,Male,66.37468743397824,False
2016,COL,Colombia,Female,69.19976538260578,False
2017,COL,Colombia,Male,66.49230791213253,False
2017,COL,Colombia,Female,69.28421645147944,False
2018,COL,Colombia,Male,66.5396369011869,False
2018,COL,Colombia,Female,69.38120131545793,False
2019,COL,Colombia,Male,66.79803935898174,False
2019,COL,Colombia,Female,69.58888418661758,False
2020,COL,Colombia,Male,64.46407843421188,False
2020,COL,Colombia,Female,67.909706387341,False
2021,COL,Colombia,Male,62.538236185612014,False
2021,COL,Colombia,Female,66.21624118803214,False
2022,COL,Colombia,Male,65.26838937809966,False
2022,COL,Colombia,Female,68.31052521259534,False
2023,COL,Colombia,Male,66.43822650381978,False
2023,COL,Colombia,Female,69.28242743688627,False
2000,CRI,Costa Rica,Male,65.40682642080235,False
2000,CRI,Costa Rica,Female,67.25884687829954,False
2001,CRI,Costa Rica,Male,65.68147152850153,False
2001,CRI,Costa Rica,Female,67.40001492102648,False
2002,CRI,Costa Rica,Male,65.92166891301271,False
2002,CRI,Costa Rica,Female,67.72997660305401,False
2003,CRI,Costa Rica,Male,66.11538853933729,False
2003,CRI,Costa Rica,Female,67.81561400431329,False
2004,CRI,Costa Rica,Male,66.2688330001747,False
2004,CRI,Costa Rica,Female,67.98944884089262,False
2005,CRI,Costa Rica,Male,66.40429007850139,False
2005,CRI,Costa Rica,Female,68.2962740771304,False
2006,CRI,Costa Rica,Male,66.57799507609293,False
2006,CRI,Costa Rica,Female,68.50402654302027,False
2007,CRI,Costa Rica,Male,66.8335483815746,False
2007,CRI,Costa Rica,Female,68.69784731397178,False
2008,CRI,Costa Rica,Male,66.8934915662759,False
2008,CRI,Costa Rica,Female,68.7658467750989,False
2009,CRI,Costa Rica,Male,66.86185901495602,False
2009,CRI,Costa Rica,Female,68.79991848820261,False
2010,CRI,Costa Rica,Male,66.74563875770515,False
2010,CRI,Costa Rica,Female,68.6731709158949,False
2011,CRI,Costa Rica,Male,66.8609129654639,False
2011,CRI,Costa Rica,Female,68.8155702453308,False
2012,CRI,Costa Rica,Male,66.84275880381384,False
2012,CRI,Costa Rica,Female,68.78749760253974,False
2013,CRI,Costa Rica,Male,66.81170867475919,False
2013,CRI,Costa Rica,Female,68.77848109295736,False
2014,CRI,Costa Rica,Male,66.76300686136562,False
2014,CRI,Costa Rica,Female,68.8419920498411,False
2015,CRI,Costa Rica,Male,66.70408196719977,False
2015,CRI,Costa Rica,Female,68.84636052470385,False
2016,CRI,Costa Rica,Male,66.66521081262735,False
2016,CRI,Costa Rica,Female,68.80571695747761,False
2017,CRI,Costa Rica,Male,66.72166060260211,False
2017,CRI,Costa Rica,Female,68.85250867838671,False
2018,CRI,Costa Rica,Male,66.9074818163534,False
2018,CRI,Costa Rica,Female,68.96584100234621,False
2019,CRI,Costa Rica,Male,67.12086913951867,False
2019,CRI,Costa Rica,Female,69.04070657203125,False
2020,CRI,Costa Rica,Male,66.01789618168355,False
2020,CRI,Costa Rica,Female,68.10648260572559,False
2021,CRI,Costa Rica,Male,64.61238000793996,False
2021,CRI,Costa Rica,Female,66.85491453178605,False
2022,CRI,Costa Rica,Male,65.54650511931351,False
2022,CRI,Costa Rica,Female,67.49701578926765,False
2023,CRI,Costa Rica,Male,65.96328700485746,False
2023,CRI,Costa Rica,Female,67.91913966326838,False
2000,CZE,Czechia,Male,62.59057998007572,False
2000,CZE,Czechia,Female,66.84883162880125,False
2001,CZE,Czechia,Male,62.81446491714956,False
2001,CZE,Czechia,Female,66.9539115759245,False
2002,CZE,Czechia,Male,62.975582842607935,False
2002,CZE,Czechia,Female,67.09001895752978,False
2003,CZE,Czechia,Male,63.08650176077956,False
2003,CZE,Czechia,Female,67.19672579062197,False
2004,CZE,Czechia,Male,63.32981898932796,False
2004,CZE,Czechia,Female,67.4016688770024,False
2005,CZE,Czechia,Male,63.64757437456495,False
2005,CZE,Czechia,Female,67.6370190078133,False
2006,CZE,Czechia,Male,63.97529817955903,False
2006,CZE,Czechia,Female,67.9091070421175,False
2007,CZE,Czechia,Male,64.19525093645686,False
2007,CZE,Czechia,Female,68.08670773324774,False
2008,CZE,Czechia,Male,64.38575755270969,False
2008,CZE,Czechia,Female,68.24716768212772,False
2009,CZE,Czechia,Male,64.53879460924776,False
2009,CZE,Czechia,Female,68.34968040055793,False
2010,CZE,Czechia,Male,64.70412604742026,False
2010,CZE,Czechia,Female,68.4911626208026,False
2011,CZE,Czechia,Male,64.90817361644586,False
2011,CZE,Czechia,Female,68.63229838115039,False
2012,CZE,Czechia,Male,65.10640582843232,False
2012,CZE,Czechia,Female,68.75141136589758,False
2013,CZE,Czechia,Male,65.30708811698865,False
2013,CZE,Czechia,Female,68.84239140722248,False
2014,CZE,Czechia,Male,65.58142509468271,False
2014,CZE,Czechia,Female,69.08306657036921,False
2015,CZE,Czechia,Male,65.72564817618567,False
2015,CZE,Czechia,Female,69.15293477961818,False
2016,CZE,Czechia,Male,65.91582595930132,False
2016,CZE,Czechia,Female,69.33841324400072,False
2017,CZE,Czechia,Male,66.09313543151238,False
2017,CZE,Czechia,Female,69.43747912367394,False
2018,CZE,Czechia,Male,66.25885927436755,False
2018,CZE,Czechia,Female,69.58741452879092,False
2019,CZE,Czechia,Male,66.39157003884455,False
2019,CZE,Czechia,Female,69.7613101733377,False
2020,CZE,Czechia,Male,65.36429885148793,False
2020,CZE,Czechia,Female,68.66336103057232,False
2021,CZE,Czechia,Male,64.3708286182404,False
2021,CZE,Czechia,Female,67.83833020605162,False
2022,CZE,Czechia,Male,65.81217330225334,False
2022,CZE,Czechia,Female,69.02435886338112,False
2023,CZE,Czechia,Male,66.480124217712,False
2023,CZE,Czechia,Female,69.66379221601007,False
2000,DEU,Germany,Male,65.87836965721321,False
2000,DEU,Germany,Female,68.72522711107294,False
2001,DEU,Germany,Male,66.19888070461262,False
2001,DEU,Germany,Female,68.92474274054568,False
2002,DEU,Germany,Male,66.35664131120335,False
2002,DEU,Germany,Female,68.98370196668519,False
2003,DEU,Germany,Male,66.49684227454017,False
2003,DEU,Germany,Female,69.06700968907701,False
2004,DEU,Germany,Male,66.85949053804671,False
2004,DEU,Germany,Female,69.28344482459954,False
2005,DEU,Germany,Male,67.0418643212265,False
2005,DEU,Germany,Female,69.35467751884265,False
2006,DEU,Germany,Male,67.28412378905853,False
2006,DEU,Germany,Female,69.50203049164409,False
2007,DEU,Germany,Male,67.45244016125817,False
2007,DEU,Germany,Female,69.63461855486067,False
2008,DEU,Germany,Male,67.57802354033718,False
2008,DEU,Germany,Female,69.67954367143952,False
2009,DEU,Germany,Male,67.65974430519123,False
2009,DEU,Germany,Female,69.73789685820785,False
2010,DEU,Germany,Male,67.77451662884756,False
2010,DEU,Germany,Female,69.81668632208047,False
2011,DEU,Germany,Male,68.01990151733729,False
2011,DEU,Germany,Female,69.93981068519568,False
2012,DEU,Germany,Male,68.13786938558522,False
2012,DEU,Germany,Female,69.9792842993534,False
2013,DEU,Germany,Male,68.13171868095986,False
2013,DEU,Germany,Female,69.92461567853597,False
2014,DEU,Germany,Male,68.3230105200135,False
2014,DEU,Germany,Female,70.06303291281525,False
2015,DEU,Germany,Male,68.16054539752972,False
2015,DEU,Germany,Female,69.93117383646434,False
2016,DEU,Germany,Male,68.29211350514868,False
2016,DEU,Germany,Female,70.03272166434958,False
2017,DEU,Germany,Male,68.43248835730488,False
2017,DEU,Germany,Female,70.12396497905726,False
2018,DEU,Germany,Male,68.47527441950871,False
2018,DEU,Germany,Female,70.17720725964632,False
2019,DEU,Germany,Male,68.6626621304306,False
2019,DEU,Germany,Female,70.34418834544975,False
2020,DEU,Germany,Male,68.31447141273489,False
2020,DEU,Germany,Female,69.98348607155118,False
2021,DEU,Germany,Male,67.99591905662727,False
2021,DEU,Germany,Female,69.73492074543904,False
2022,DEU,Germany,Male,68.00628766984659,False
2022,DEU,Germany,Female,69.6087136899203,False
2023,DEU,Germany,Male,68.17934585942781,False
2023,DEU,Germany,Female,69.87717398612594,False
2000,DNK,Denmark,Male,65.52881315242537,False
2000,DNK,Denmark,Female,67.80490595888564,False
2001,DNK,Denmark,Male,65.68440135743714,False
2001,DNK,Denmark,Female,67.95609044749013,False
2002,DNK,Denmark,Male,65.8372507285311,False
2002,DNK,Denmark,Female,68.15069342065914,False
2003,DNK,Denmark,Male,66.04777829793649,False
2003,DNK,Denmark,Female,68.43097048272112,False
2004,DNK,Denmark,Male,66.37091340722259,False
2004,DNK,Denmark,Female,68.80118041724009,False
2005,DNK,Denmark,Male,66.61884151452651,False
2005,DNK,Denmark,Female,68.97515429821755,False
2006,DNK,Denmark,Male,66.7650320931728,False
2006,DNK,Denmark,Female,69.07279542547268,False
2007,DNK,Denmark,Male,66.89189972358614,False
2007,DNK,Denmark,Female,69.13288464298164,False
2008,DNK,Denmark,Male,67.1244123251613,False
2008,DNK,Denmark,Female,69.31563186066428,False
2009,DNK,Denmark,Male,67.30900854133573,False
2009,DNK,Denmark,Female,69.42115422271203,False
2010,DNK,Denmark,Male,67.57815409655753,False
2010,DNK,Denmark,Female,69.61592670415035,False
2011,DNK,Denmark,Male,67.93356359717743,False
2011,DNK,Denmark,Female,69.86643951495653,False
2012,DNK,Denmark,Male,68.21170431002182,False
2012,DNK,Denmark,Female,70.07838310312987,False
2013,DNK,Denmark,Male,68.42751849176796,False
2013,DNK,Denmark,Female,70.24478812661957,False
2014,DNK,Denmark,Male,68.68331624230373,False
2014,DNK,Denmark,Female,70.42044898652645,False
2015,DNK,Denmark,Male,68.8252706423383,False
2015,DNK,Denmark,Female,70.43671431393187,False
2016,DNK,Denmark,Male,68.94199406874388,False
2016,DNK,Denmark,Female,70.53479710797673,False
2017,DNK,Denmark,Male,69.01974721659782,False
2017,DNK,Denmark,Female,70.63370627357475,False
2018,DNK,Denmark,Male,69.11145024785495,False
2018,DNK,Denmark,Female,70.71405014875305,False
2019,DNK,Denmark,Male,69.30006080848553,False
2019,DNK,Denmark,Female,70.88316409299156,False
2020,DNK,Denmark,Male,69.2529103523823,False
2020,DNK,Denmark,Female,70.69500013777851,False
2021,DNK,Denmark,Male,69.2029128514548,False
2021,DNK,Denmark,Female,70.55815076988738,False
2022,DNK,Denmark,Male,68.92595506492435,False
2022,DNK,Denmark,Female,70.30044562999554,False
2023,DNK,Denmark,Male,69.10335439283048,False
2023,DNK,Denmark,Female,70.61967291894499,False
2000,ESP,Spain,Male,66.78310569553692,False
2000,ESP,Spain,Female,70.851957197407,False
2001,ESP,Spain,Male,67.03521083247107,False
2001,ESP,Spain,Female,71.0647754138708,False
2002,ESP,Spain,Male,67.1602691427172,False
2002,ESP,Spain,Female,71.15756217485,False
2003,ESP,Spain,Male,67.24547790303404,False
2003,ESP,Spain,Female,71.16958720938537,False
2004,ESP,Spain,Male,67.54941374791241,False
2004,ESP,Spain,Female,71.43642061181619,False
2005,ESP,Spain,Male,67.70667325131858,False
2005,ESP,Spain,Female,71.50947984682014,False
2006,ESP,Spain,Male,68.10358961117517,False
2006,ESP,Spain,Female,71.80035587927492,False
2007,ESP,Spain,Male,68.24137764070767,False
2007,ESP,Spain,Female,71.87271373569739,False
2008,ESP,Spain,Male,68.55310898667511,False
2008,ESP,Spain,Female,71.98622566512921,False
2009,ESP,Spain,Male,68.87366593082852,False
2009,ESP,Spain,Female,72.20879794678729,False
2010,ESP,Spain,Male,69.18794433500227,False
2010,ESP,Spain,Female,72.4211621734184,False
2011,ESP,Spain,Male,69.37622856049369,False
2011,ESP,Spain,Female,72.4848979636667,False
2012,ESP,Spain,Male,69.47685604926885,False
2012,ESP,Spain,Female,72.44772693101172,False
2013,ESP,Spain,Male,69.7955289741902,False
2013,ESP,Spain,Female,72.60495577332689,False
2014,ESP,Spain,Male,69.95483121311176,False
2014,ESP,Spain,Female,72.6403024943285,False
2015,ESP,Spain,Male,69.8916172170101,False
2015,ESP,Spain,Female,72.53053982034469,False
2016,ESP,Spain,Male,70.12368120495736,False
2016,ESP,Spain,Female,72.72729310103514,False
2017,ESP,Spain,Male,70.22050997776535,False
2017,ESP,Spain,Female,72.73007351951605,False
2018,ESP,Spain,Male,70.24499627388813,False
2018,ESP,Spain,Female,72.79544861814566,False
2019,ESP,Spain,Male,70.4471864360963,False
2019,ESP,Spain,Female,72.96129867991125,False
2020,ESP,Spain,Male,69.3707326617682,False
2020,ESP,Spain,Female,71.80405059470407,False
2021,ESP,Spain,Male,69.73766928049966,False
2021,ESP,Spain,Female,72.12936452596956,False
2022,ESP,Spain,Male,69.30626624550185,False
2022,ESP,Spain,Female,71.82197587831385,False
2023,ESP,Spain,Male,69.89550899410287,False
2023,ESP,Spain,Female,72.20522043821914,False
2000,EST,Estonia,Male,57.41774215995418,False
2000,EST,Estonia,Female,65.53094205125191,False
2001,EST,Estonia,Male,57.70541172426702,False
2001,EST,Estonia,Female,65.77705562593815,False
2002,EST,Estonia,Male,58.0171936584351,False
2002,EST,Estonia,Female,65.99952199380319,False
2003,EST,Estonia,Male,58.33409569600057,False
2003,EST,Estonia,Female,66.23317137338961,False
2004,EST,Estonia,Male,58.71959157230514,False
2004,EST,Estonia,Female,66.56101945851223,False
2005,EST,Estonia,Male,59.05755056896403,False
2005,EST,Estonia,Female,66.889050728391,False
2006,EST,Estonia,Male,59.44800445560008,False
2006,EST,Estonia,Female,67.23676105189512,False
2007,EST,Estonia,Male,59.8927576916781,False
2007,EST,Estonia,Female,67.49558129834838,False
2008,EST,Estonia,Male,60.481271950084114,False
2008,EST,Estonia,Female,67.78402320812134,False
2009,EST,Estonia,Male,61.10936884972995,False
2009,EST,Estonia,Female,68.09293074249881,False
2010,EST,Estonia,Male,61.67525181924235,False
2010,EST,Estonia,Female,68.42688144809232,False
2011,EST,Estonia,Male,62.24350597528104,False
2011,EST,Estonia,Female,68.74451197999038,False
2012,EST,Estonia,Male,62.64665994245713,False
2012,EST,Estonia,Female,68.96914211417209,False
2013,EST,Estonia,Male,63.13242675049789,False
2013,EST,Estonia,Female,69.13913641456811,False
2014,EST,Estonia,Male,63.45653367058858,False
2014,EST,Estonia,Female,69.35680799692989,False
2015,EST,Estonia,Male,63.85377174041949,False
2015,EST,Estonia,Female,69.55144779298467,False
2016,EST,Estonia,Male,64.11810427323381,False
2016,EST,Estonia,Female,69.63669776778038,False
2017,EST,Estonia,Male,64.41674629841373,False
2017,EST,Estonia,Female,69.80315488275575,False
2018,EST,Estonia,Male,64.70952737854981,False
2018,EST,Estonia,Female,69.97817451726031,False
2019,EST,Estonia,Male,65.02629709232954,False
2019,EST,Estonia,Female,70.18893377908532,False
2020,EST,Estonia,Male,64.73594727638914,False
2020,EST,Estonia,Female,69.85976468562187,False
2021,EST,Estonia,Male,63.82227726288784,False
2021,EST,Estonia,Female,69.0106025303891,False
2022,EST,Estonia,Male,63.98812317207729,False
2022,EST,Estonia,Female,69.34606374836817,False
2023,EST,Estonia,Male,64.64157763567678,False
2023,EST,Estonia,Female,69.89555258876656,False
2000,FIN,Finland,Male,64.75559901337945,False
2000,FIN,Finland,Female,69.41609484004928,False
2001,FIN,Finland,Male,65.00040623412299,False
2001,FIN,Finland,Female,69.54389799822775,False
2002,FIN,Finland,Male,65.15528107017467,False
2002,FIN,Finland,Female,69.5862243450409,False
2003,FIN,Finland,Male,65.2933350156253,False
2003,FIN,Finland,Female,69.72380713476984,False
2004,FIN,Finland,Male,65.44990538405067,False
2004,FIN,Finland,Female,69.94763849314482,False
2005,FIN,Finland,Male,65.57412089302701,False
2005,FIN,Finland,Female,70.1161988543495,False
2006,FIN,Finland,Male,65.70326514388023,False
2006,FIN,Finland,Female,70.24188650670747,False
2007,FIN,Finland,Male,65.86256946327939,False
2007,FIN,Finland,Female,70.38755778851731,False
2008,FIN,Finland,Male,66.12510537018314,False
2008,FIN,Finland,Female,70.5003865844788,False
2009,FIN,Finland,Male,66.31942228917202,False
2009,FIN,Finland,Female,70.65562294617871,False
2010,FIN,Finland,Male,66.54008505814097,False
2010,FIN,Finland,Female,70.76362993579905,False
2011,FIN,Finland,Male,66.84283026220854,False
2011,FIN,Finland,Female,70.90116285918133,False
2012,FIN,Finland,Male,67.12861265436443,False
2012,FIN,Finland,Female,70.9713336179902,False
2013,FIN,Finland,Male,67.40743741932249,False
2013,FIN,Finland,Female,71.10765673453906,False
2014,FIN,Finland,Male,67.6713579792229,False
2014,FIN,Finland,Female,71.20845697388941,False
2015,FIN,Finland,Male,67.8956567491346,False
2015,FIN,Finland,Female,71.3508433637626,False
2016,FIN,Finland,Male,67.99960886479414,False
2016,FIN,Finland,Female,71.40215443739808,False
2017,FIN,Finland,Male,68.22243050037689,False
2017,FIN,Finland,Female,71.50160132742131,False
2018,FIN,Finland,Male,68.43395216174432,False
2018,FIN,Finland,Female,71.65769058150379,False
2019,FIN,Finland,Male,68.62487424495941,False
2019,FIN,Finland,Female,71.78337069520938,False
2020,FIN,Finland,Male,68.47064767322132,False
2020,FIN,Finland,Female,71.60989956038188,False
2021,FIN,Finland,Male,68.48101978597212,False
2021,FIN,Finland,Female,71.47961748023874,False
2022,FIN,Finland,Male,67.98956468833039,False
2022,FIN,Finland,Female,70.85337394104032,False
2023,FIN,Finland,Male,68.31505169512947,False
2023,FIN,Finland,Female,71.15542295704773,False
2000,FRA,France,Male,66.19655624558929,False
2000,FRA,France,Female,70.48697649022442,False
2001,FRA,France,Male,66.34003726803877,False
2001,FRA,France,Female,70.55508679826953,False
2002,FRA,France,Male,66.47247043274464,False
2002,FRA,France,Female,70.56508040087422,False
2003,FRA,France,Male,66.5915443993633,False
2003,FRA,France,Female,70.54705155961369,False
2004,FRA,France,Male,67.10939750355601,False
2004,FRA,France,Female,71.02523301466101,False
2005,FRA,France,Male,67.19162958201355,False
2005,FRA,France,Female,71.06793315576404,False
2006,FRA,France,Male,67.4530290245498,False
2006,FRA,France,Female,71.2307569684834,False
2007,FRA,France,Male,67.63611723709063,False
2007,FRA,France,Female,71.35531077319854,False
2008,FRA,France,Male,67.77470692784978,False
2008,FRA,France,Female,71.36482846182376,False
2009,FRA,France,Male,67.92104644178362,False
2009,FRA,France,Female,71.44556258357784,False
2010,FRA,France,Male,68.0821269870253,False
2010,FRA,France,Female,71.57468226550286,False
2011,FRA,France,Male,68.3426266852695,False
2011,FRA,France,Female,71.74291958386706,False
2012,FRA,France,Male,68.4790836231963,False
2012,FRA,France,Female,71.7052217678959,False
2013,FRA,France,Male,68.70606244566594,False
2013,FRA,France,Female,71.79038908720081,False
2014,FRA,France,Male,68.97987757401056,False
2014,FRA,France,Female,71.92265990244414,False
2015,FRA,France,Male,68.89052967939328,False
2015,FRA,France,Female,71.81641339775452,False
2016,FRA,France,Male,69.08095716565262,False
2016,FRA,France,Female,71.93969646425647,False
2017,FRA,France,Male,69.2557809765311,False
2017,FRA,France,Female,72.01971500499025,False
2018,FRA,France,Male,69.3985102233736,False
2018,FRA,France,Female,72.10169172568897,False
2019,FRA,France,Male,69.52448435065018,False
2019,FRA,France,Female,72.17668185675122,False
2020,FRA,France,Male,68.81264939898635,False
2020,FRA,France,Female,71.41881182401302,False
2021,FRA,France,Male,69.03322872948958,False
2021,FRA,France,Female,71.60674308946555,False
2022,FRA,France,Male,68.63765681781646,False
2022,FRA,France,Female,71.26828851641586,False
2023,FRA,France,Male,68.80656528890846,False
2023,FRA,France,Female,71.35777559434327,False
2000,GBR,United Kingdom,Male,66.19908136844366,False
2000,GBR,United Kingdom,Female,68.27788991176446,False
2001,GBR,United Kingdom,Male,66.45519898780152,False
2001,GBR,United Kingdom,Female,68.43895869220901,False
2002,GBR,United Kingdom,Male,66.6083448831199,False
2002,GBR,United Kingdom,Female,68.47284421455366,False
2003,GBR,United Kingdom,Male,66.79298010513764,False
2003,GBR,United Kingdom,Female,68.50243441305513,False
2004,GBR,United Kingdom,Male,67.20016745931154,False
2004,GBR,United Kingdom,Female,68.80524848397236,False
2005,GBR,United Kingdom,Male,67.40725332585829,False
2005,GBR,United Kingdom,Female,68.8959253828896,False
2006,GBR,United Kingdom,Male,67.55519658474296,False
2006,GBR,United Kingdom,Female,69.046139752324,False
2007,GBR,United Kingdom,Male,67.64586964894251,False
2007,GBR,United Kingdom,Female,69.07324338432339,False
2008,GBR,United Kingdom,Male,67.73623003822748,False
2008,GBR,United Kingdom,Female,69.07074395874577,False
2009,GBR,United Kingdom,Male,67.98677939686257,False
2009,GBR,United Kingdom,Female,69.29518975916588,False
2010,GBR,United Kingdom,Male,68.2123486468723,False
2010,GBR,United Kingdom,Female,69.40164957946371,False
2011,GBR,United Kingdom,Male,68.52970667455156,False
2011,GBR,United Kingdom,Female,69.59851236951702,False
2012,GBR,United Kingdom,Male,68.64156436609349,False
2012,GBR,United Kingdom,Female,69.55523095267631,False
2013,GBR,United Kingdom,Male,68.63653841343488,False
2013,GBR,United Kingdom,Female,69.57473002202023,False
2014,GBR,United Kingdom,Male,68.77892066445504,False
2014,GBR,United Kingdom,Female,69.65434641377803,False
2015,GBR,United Kingdom,Male,68.675330586765,False
2015,GBR,United Kingdom,Female,69.49294249287925,False
2016,GBR,United Kingdom,Male,68.7060330849141,False
2016,GBR,United Kingdom,Female,69.50058124669758,False
2017,GBR,United Kingdom,Male,68.75714097166562,False
2017,GBR,United Kingdom,Female,69.56481550430046,False
2018,GBR,United Kingdom,Male,68.78714888876405,False
2018,GBR,United Kingdom,Female,69.58809365306777,False
2019,GBR,United Kingdom,Male,68.97330505396873,False
2019,GBR,United Kingdom,Female,69.74944438588103,False
2020,GBR,United Kingdom,Male,67.68556381306009,False
2020,GBR,United Kingdom,Female,68.59181246857244,False
2021,GBR,United Kingdom,Male,67.75858335173191,False
2021,GBR,United Kingdom,Female,68.52117623030146,False
2022,GBR,United Kingdom,Male,68.02183207958733,False
2022,GBR,United Kingdom,Female,68.6297184689255,False
2023,GBR,United Kingdom,Male,67.97322637323815,False
2023,GBR,United Kingdom,Female,68.59062197296882,False
2000,GRC,Greece,Male,66.64429147625331,False
2000,GRC,Greece,Female,69.10770829939278,False
2001,GRC,Greece,Male,66.94341276538803,False
2001,GRC,Greece,Female,69.3324100184677,False
2002,GRC,Greece,Male,67.02589785210337,False
2002,GRC,Greece,Female,69.3697420355171,False
2003,GRC,Greece,Male,67.05074486073754,False
2003,GRC,Greece,Female,69.39274136625156,False
2004,GRC,Greece,Male,67.09488896592521,False
2004,GRC,Greece,Female,69.54694622502421,False
2005,GRC,Greece,Male,67.17566465106454,False
2005,GRC,Greece,Female,69.70030189217623,False
2006,GRC,Greece,Male,67.30762560109697,False
2006,GRC,Greece,Female,69.83354705183002,False
2007,GRC,Greece,Male,67.23955744598702,False
2007,GRC,Greece,Female,69.82967956528456,False
2008,GRC,Greece,Male,67.49986794467955,False
2008,GRC,Greece,Female,70.08843363196185,False
2009,GRC,Greece,Male,67.62132516732706,False
2009,GRC,Greece,Female,70.19077466466443,False
2010,GRC,Greece,Male,67.83812179858297,False
2010,GRC,Greece,Female,70.30770366173282,False
2011,GRC,Greece,Male,67.87193124774814,False
2011,GRC,Greece,Female,70.37466259388238,False
2012,GRC,Greece,Male,67.89567325601301,False
2012,GRC,Greece,Female,70.31071009059015,False
2013,GRC,Greece,Male,68.22275569625961,False
2013,GRC,Greece,Female,70.58202278564166,False
2014,GRC,Greece,Male,68.36844162251771,False
2014,GRC,Greece,Female,70.77871768171575,False
2015,GRC,Greece,Male,68.21131293278333,False
2015,GRC,Greece,Female,70.56899203636691,False
2016,GRC,Greece,Male,68.51843979681122,False
2016,GRC,Greece,Female,70.78130351299421,False
2017,GRC,Greece,Male,68.59376210003185,False
2017,GRC,Greece,Female,70.80642213318268,False
2018,GRC,Greece,Male,68.8161158663487,False
2018,GRC,Greece,Female,71.00800740740003,False
2019,GRC,Greece,Male,68.96281212119325,False
2019,GRC,Greece,Female,71.10005379775578,False
2020,GRC,Greece,Male,68.47986408479953,False
2020,GRC,Greece,Female,70.49966255820851,False
2021,GRC,Greece,Male,67.6047075009184,False
2021,GRC,Greece,Female,69.77728173936136,False
2022,GRC,Greece,Male,67.53420611846292,False
2022,GRC,Greece,Female,69.84915989150514,False
2023,GRC,Greece,Male,67.97876590524272,False
2023,GRC,Greece,Female,70.25039959944661,False
2000,HUN,Hungary,Male,59.14859267998828,False
2000,HUN,Hungary,Female,64.84516130365289,False
2001,HUN,Hungary,Male,59.61588101237765,False
2001,HUN,Hungary,Female,65.18006680164615,False
2002,HUN,Hungary,Male,59.88187675519548,False
2002,HUN,Hungary,Female,65.3899618991782,False
2003,HUN,Hungary,Male,60.06094253353252,False
2003,HUN,Hungary,Female,65.58296358060271,False
2004,HUN,Hungary,Male,60.320100716339226,False
2004,HUN,Hungary,Female,65.817793266378,False
2005,HUN,Hungary,Male,60.428285434398575,False
2005,HUN,Hungary,Female,65.89284433137291,False
2006,HUN,Hungary,Male,60.73830174169115,False
2006,HUN,Hungary,Female,66.19232345514489,False
2007,HUN,Hungary,Male,61.03272435996003,False
2007,HUN,Hungary,Female,66.41871160094922,False
2008,HUN,Hungary,Male,61.410616010483125,False
2008,HUN,Hungary,Female,66.64332571658476,False
2009,HUN,Hungary,Male,61.71729602394834,False
2009,HUN,Hungary,Female,66.82547691194446,False
2010,HUN,Hungary,Male,62.06264689527234,False
2010,HUN,Hungary,Female,66.9454283931463,False
2011,HUN,Hungary,Male,62.4539149604846,False
2011,HUN,Hungary,Female,67.1526093135236,False
2012,HUN,Hungary,Male,62.81731699735462,False
2012,HUN,Hungary,Female,67.30168655912175,False
2013,HUN,Hungary,Male,63.18241793141859,False
2013,HUN,Hungary,Female,67.49941772810348,False
2014,HUN,Hungary,Male,63.41211595202821,False
2014,HUN,Hungary,Female,67.64102804987509,False
2015,HUN,Hungary,Male,63.505519847425504,False
2015,HUN,Hungary,Female,67.64583604603936,False
2016,HUN,Hungary,Male,63.61461735769976,False
2016,HUN,Hungary,Female,67.84526996269378,False
2017,HUN,Hungary,Male,63.697940469802,False
2017,HUN,Hungary,Female,67.8904291707142,False
2018,HUN,Hungary,Male,63.84414487726603,False
2018,HUN,Hungary,Female,68.00994180535142,False
2019,HUN,Hungary,Male,64.03719532363824,False
2019,HUN,Hungary,Female,68.13602850998008,False
2020,HUN,Hungary,Male,63.31329817276516,False
2020,HUN,Hungary,Female,67.28191713180773,False
2021,HUN,Hungary,Male,62.07532704861149,False
2021,HUN,Hungary,Female,66.17972841773408,False
2022,HUN,Hungary,Male,63.34272199936648,False
2022,HUN,Hungary,Female,67.33031441892918,False
2023,HUN,Hungary,Male,64.04247624640473,False
2023,HUN,Hungary,Female,67.92341263463526,False
2000,IRL,Ireland,Male,65.49593194428454,False
2000,IRL,Ireland,Female,68.364657198931,False
2001,IRL,Ireland,Male,65.91004048593437,False
2001,IRL,Ireland,Female,68.69468483971,False
2002,IRL,Ireland,Male,66.27461001612143,False
2002,IRL,Ireland,Female,68.93253170242966,False
2003,IRL,Ireland,Male,66.64913564085704,False
2003,IRL,Ireland,Female,69.14897776404129,False
2004,IRL,Ireland,Male,66.96758249319188,False
2004,IRL,Ireland,Female,69.339722268528,False
2005,IRL,Ireland,Male,67.28789635975419,False
2005,IRL,Ireland,Female,69.54734584654443,False
2006,IRL,Ireland,Male,67.48762956566257,False
2006,IRL,Ireland,Female,69.63074272403202,False
2007,IRL,Ireland,Male,67.73323219885597,False
2007,IRL,Ireland,Female,69.86178697413636,False
2008,IRL,Ireland,Male,67.89610096789418,False
2008,IRL,Ireland,Female,70.03680915434485,False
2009,IRL,Ireland,Male,68.13924366188456,False
2009,IRL,Ireland,Female,70.25756441446826,False
2010,IRL,Ireland,Male,68.56722372375258,False
2010,IRL,Ireland,Female,70.48690782276647,False
2011,IRL,Ireland,Male,68.73955993390456,False
2011,IRL,Ireland,Female,70.5198096397901,False
2012,IRL,Ireland,Male,68.83190829831464,False
2012,IRL,Ireland,Female,70.56499306729711,False
2013,IRL,Ireland,Male,69.01110489177208,False
2013,IRL,Ireland,Female,70.62853118560639,False
2014,IRL,Ireland,Male,69.32803651692278,False
2014,IRL,Ireland,Female,70.73692549469456,False
2015,IRL,Ireland,Male,69.47751875151377,False
2015,IRL,Ireland,Female,70.7849917291154,False
2016,IRL,Ireland,Male,69.61951506408498,False
2016,IRL,Ireland,Female,70.85462861140451,False
2017,IRL,Ireland,Male,69.8353700813749,False
2017,IRL,Ireland,Female,71.04267051800066,False
2018,IRL,Ireland,Male,69.9610112881939,False
2018,IRL,Ireland,Female,71.15283433956995,False
2019,IRL,Ireland,Male,70.15400801028382,False
2019,IRL,Ireland,Female,71.33140344826033,False
2020,IRL,Ireland,Male,69.8243849718222,False
2020,IRL,Ireland,Female,70.815285338669,False
2021,IRL,Ireland,Male,69.86312810982584,False
2021,IRL,Ireland,Female,70.74073999428465,False
2022,IRL,Ireland,Male,69.68095776153592,False
2022,IRL,Ireland,Female,70.49209270608416,False
2023,IRL,Ireland,Male,69.89209934173823,False
2023,IRL,Ireland,Female,70.66709881837355,False
2000,ISL,Iceland,Male,68.39907434351663,False
2000,ISL,Iceland,Female,69.68034957837519,False
2001,ISL,Iceland,Male,68.60581065574718,False
2001,ISL,Iceland,Female,69.8813933337007,False
2002,ISL,Iceland,Male,68.72167993822949,False
2002,ISL,Iceland,Female,70.0620757575863,False
2003,ISL,Iceland,Male,68.85344840568185,False
2003,ISL,Iceland,Female,70.168377166933,False
2004,ISL,Iceland,Male,69.01252076209003,False
2004,ISL,Iceland,Female,70.2269055509534,False
2005,ISL,Iceland,Male,69.23853562799034,False
2005,ISL,Iceland,Female,70.26220983110045,False
2006,ISL,Iceland,Male,69.29961458844154,False
2006,ISL,Iceland,Female,70.24053409309033,False
2007,ISL,Iceland,Male,69.34525626525769,False
2007,ISL,Iceland,Female,70.35249791401327,False
2008,ISL,Iceland,Male,69.47079838524859,False
2008,ISL,Iceland,Female,70.46440675778946,False
2009,ISL,Iceland,Male,69.59636768543417,False
2009,ISL,Iceland,Female,70.55755916211236,False
2010,ISL,Iceland,Male,69.73071105056403,False
2010,ISL,Iceland,Female,70.71281465770521,False
2011,ISL,Iceland,Male,69.90964838154844,False
2011,ISL,Iceland,Female,70.74978080111562,False
2012,ISL,Iceland,Male,70.06225763836565,False
2012,ISL,Iceland,Female,70.71862631915755,False
2013,ISL,Iceland,Male,70.12523521192745,False
2013,ISL,Iceland,Female,70.68785469182197,False
2014,ISL,Iceland,Male,70.16256772691543,False
2014,ISL,Iceland,Female,70.72159949453399,False
2015,ISL,Iceland,Male,70.17418806030318,False
2015,ISL,Iceland,Female,70.68992930980292,False
2016,ISL,Iceland,Male,70.21141274745248,False
2016,ISL,Iceland,Female,70.75058130666899,False
2017,ISL,Iceland,Male,70.3113390150105,False
2017,ISL,Iceland,Female,70.84562831285406,False
2018,ISL,Iceland,Male,70.40323180232545,False
2018,ISL,Iceland,Female,70.87567005601439,False
2019,ISL,Iceland,Male,70.61766680191751,False
2019,ISL,Iceland,Female,71.03354416461444,False
2020,ISL,Iceland,Male,70.38901874047241,False
2020,ISL,Iceland,Female,70.6812898111124,False
2021,ISL,Iceland,Male,70.48713042849084,False
2021,ISL,Iceland,Female,70.55686639427955,False
2022,ISL,Iceland,Male,69.9437308708326,False
2022,ISL,Iceland,Female,70.15227291767651,False
2023,ISL,Iceland,Male,69.95087732247143,False
2023,ISL,Iceland,Female,70.40674357390064,False
2000,ISR,Israel,Male,67.96711059513301,False
2000,ISR,Israel,Female,69.68625411563049,False
2001,ISR,Israel,Male,68.10162495616088,False
2001,ISR,Israel,Female,69.8568977907694,False
2002,ISR,Israel,Male,68.12011949496632,False
2002,ISR,Israel,Female,69.94819530731894,False
2003,ISR,Israel,Male,68.48344204095902,False
2003,ISR,Israel,Female,70.09824881428779,False
2004,ISR,Israel,Male,68.788311439945,False
2004,ISR,Israel,Female,70.27526793636275,False
2005,ISR,Israel,Male,69.07306638460756,False
2005,ISR,Israel,Female,70.4373465477944,False
2006,ISR,Israel,Male,69.20492621984155,False
2006,ISR,Israel,Female,70.59309790779142,False
2007,ISR,Israel,Male,69.47712372505093,False
2007,ISR,Israel,Female,70.78768590204278,False
2008,ISR,Israel,Male,69.86017281670779,False
2008,ISR,Israel,Female,71.03048430808197,False
2009,ISR,Israel,Male,70.1294847597224,False
2009,ISR,Israel,Female,71.25390308982408,False
2010,ISR,Israel,Male,70.28373752428034,False
2010,ISR,Israel,Female,71.42868479161861,False
2011,ISR,Israel,Male,70.40554932905717,False
2011,ISR,Israel,Female,71.51429731700061,False
2012,ISR,Israel,Male,70.56348907342888,False
2012,ISR,Israel,Female,71.62692601011742,False
2013,ISR,Israel,Male,70.72424820729584,False
2013,ISR,Israel,Female,71.72862778346033,False
2014,ISR,Israel,Male,70.87654260710502,False
2014,ISR,Israel,Female,71.8678094568128,False
2015,ISR,Israel,Male,70.9219359239181,False
2015,ISR,Israel,Female,71.95136378032896,False
2016,ISR,Israel,Male,71.08812489660322,False
2016,ISR,Israel,Female,72.09192442714692,False
2017,ISR,Israel,Male,71.24553420653902,False
2017,ISR,Israel,Female,72.26564129002706,False
2018,ISR,Israel,Male,71.44172014624208,False
2018,ISR,Israel,Female,72.40839999720282,False
2019,ISR,Israel,Male,71.58622576574282,False
2019,ISR,Israel,Female,72.53947701705813,False
2020,ISR,Israel,Male,70.8955164128563,False
2020,ISR,Israel,Female,72.0208434637794,False
2021,ISR,Israel,Male,70.74564109701701,False
2021,ISR,Israel,Female,71.81249621193766,False
2022,ISR,Israel,Male,70.97069962405286,False
2022,ISR,Israel,Female,71.98675726847284,False
2023,ISR,Israel,Male,70.86787383296708,False
2023,ISR,Israel,Female,72.19342609032552,False
2000,ITA,Italy,Male,67.25101470101254,False
2000,ITA,Italy,Female,70.57867623159954,False
2001,ITA,Italy,Male,67.49012754631798,False
2001,ITA,Italy,Female,70.79343951559679,False
2002,ITA,Italy,Male,67.68661800198288,False
2002,ITA,Italy,Female,70.91506501770591,False
2003,ITA,Italy,Male,67.70757286044439,False
2003,ITA,Italy,Female,70.83298644645585,False
2004,ITA,Italy,Male,68.21944693430615,False
2004,ITA,Italy,Female,71.37019704804209,False
2005,ITA,Italy,Male,68.35743523039068,False
2005,ITA,Italy,Female,71.42969314766822,False
2006,ITA,Italy,Male,68.63652056159206,False
2006,ITA,Italy,Female,71.64576530870234,False
2007,ITA,Italy,Male,68.83912676497738,False
2007,ITA,Italy,Female,71.73238057899026,False
2008,ITA,Italy,Male,69.06040395863742,False
2008,ITA,Italy,Female,71.84599398987066,False
2009,ITA,Italy,Male,69.3127509692318,False
2009,ITA,Italy,Female,71.98475340147435,False
2010,ITA,Italy,Male,69.61191307212496,False
2010,ITA,Italy,Female,72.20616858302616,False
2011,ITA,Italy,Male,69.77351843414493,False
2011,ITA,Italy,Female,72.25651851328556,False
2012,ITA,Italy,Male,69.8730746081782,False
2012,ITA,Italy,Female,72.25503522640405,False
2013,ITA,Italy,Male,70.15770923808708,False
2013,ITA,Italy,Female,72.44671130643995,False
2014,ITA,Italy,Male,70.35945337673135,False
2014,ITA,Italy,Female,72.57097073623353,False
2015,ITA,Italy,Male,70.27584115440284,False
2015,ITA,Italy,Female,72.3644169176534,False
2016,ITA,Italy,Male,70.56580712449757,False
2016,ITA,Italy,Female,72.61837338389392,False
2017,ITA,Italy,Male,70.58075380530506,False
2017,ITA,Italy,Female,72.53544996384109,False
2018,ITA,Italy,Male,70.82535865850645,False
2018,ITA,Italy,Female,72.70532708311478,False
2019,ITA,Italy,Male,70.94078375641567,False
2019,ITA,Italy,Female,72.7318210203939,False
2020,ITA,Italy,Male,69.84513309146836,False
2020,ITA,Italy,Female,71.77530088641397,False
2021,ITA,Italy,Male,70.06651330910928,False
2021,ITA,Italy,Female,71.80513460795467,False
2022,ITA,Italy,Male,69.80418524939743,False
2022,ITA,Italy,Female,71.64673505801849,False
2023,ITA,Italy,Male,70.4480301896008,False
2023,ITA,Italy,Female,71.8913114537786,False
2000,JPN,Japan,Male,68.39669300620278,False
2000,JPN,Japan,Female,72.48060471447272,False
2001,JPN,Japan,Male,68.6442992060383,False
2001,JPN,Japan,Female,72.69665342204264,False
2002,JPN,Japan,Male,68.81919656297028,False
2002,JPN,Japan,Female,72.88276162137248,False
2003,JPN,Japan,Male,68.88310060920841,False
2003,JPN,Japan,Female,72.9748835542364,False
2004,JPN,Japan,Male,69.06285257151062,False
2004,JPN,Japan,Female,73.10174061060548,False
2005,JPN,Japan,Male,69.09004963941166,False
2005,JPN,Japan,Female,73.13730880668264,False
2006,JPN,Japan,Male,69.36664456588097,False
2006,JPN,Japan,Female,73.320954510743,False
2007,JPN,Japan,Male,69.50871624718691,False
2007,JPN,Japan,Female,73.41951117395772,False
2008,JPN,Japan,Male,69.6142967039261,False
2008,JPN,Japan,Female,73.47609804441048,False
2009,JPN,Japan,Male,69.82339031930402,False
2009,JPN,Japan,Female,73.66984455520074,False
2010,JPN,Japan,Male,69.84834957299053,False
2010,JPN,Japan,Female,73.63252933777156,False
2011,JPN,Japan,Male,69.78965105093707,False
2011,JPN,Japan,Female,73.36603445488177,False
2012,JPN,Japan,Male,70.13336907665742,False
2012,JPN,Japan,Female,73.77927795662065,False
2013,JPN,Japan,Male,70.31436485033849,False
2013,JPN,Japan,Female,73.90155083724115,False
2014,JPN,Japan,Male,70.50787389506763,False
2014,JPN,Japan,Female,74.03174190127551,False
2015,JPN,Japan,Male,70.68140698233661,False
2015,JPN,Japan,Female,74.144253075106,False
2016,JPN,Japan,Male,70.85727853827949,False
2016,JPN,Japan,Female,74.28501807440632,False
2017,JPN,Japan,Male,70.9600651508906,False
2017,JPN,Japan,Female,74.36452411573663,False
2018,JPN,Japan,Male,71.11224353715994,False
2018,JPN,Japan,Female,74.45030762601544,False
2019,JPN,Japan,Male,71.24379851417025,False
2019,JPN,Japan,Female,74.55757051092208,False
2020,JPN,Japan,Male,71.34367207650313,False
2020,JPN,Japan,Female,74.63119011598118,False
2021,JPN,Japan,Male,71.19993221352397,False
2021,JPN,Japan,Female,74.36639109952526,False
2022,JPN,Japan,Male,70.87618947605185,False
2022,JPN,Japan,Female,74.00402989441497,False
2023,JPN,Japan,Male,70.72435727859764,False
2023,JPN,Japan,Female,73.91699057218305,False
2000,KOR,South Korea,Male,63.54478482543749,False
2000,KOR,South Korea,Female,68.67904805288846,False
2001,KOR,South Korea,Male,64.06216492989809,False
2001,KOR,South Korea,Female,69.09689275079256,False
2002,KOR,South Korea,Male,64.45597826012862,False
2002,KOR,South Korea,Female,69.31123231665802,False
2003,KOR,South Korea,Male,64.88390225983093,False
2003,KOR,South Korea,Female,69.68271522651125,False
2004,KOR,South Korea,Male,65.31496728857825,False
2004,KOR,South Korea,Female,70.0827159082364,False
2005,KOR,South Korea,Male,65.79274193234195,False
2005,KOR,South Korea,Female,70.43615433373546,False
2006,KOR,South Korea,Male,66.23317825174442,False
2006,KOR,South Korea,Female,70.80834542803781,False
2007,KOR,South Korea,Male,66.59525054862847,False
2007,KOR,South Korea,Female,71.14769968000745,False
2008,KOR,South Korea,Male,66.9073069137476,False
2008,KOR,South Korea,Female,71.56000283836383,False
2009,KOR,South Korea,Male,67.21642193482975,False
2009,KOR,South Korea,Female,71.8798364575883,False
2010,KOR,South Korea,Male,67.41471462084803,False
2010,KOR,South Korea,Female,72.0862555533211,False
2011,KOR,South Korea,Male,67.74515286865007,False
2011,KOR,South Korea,Female,72.35037351142063,False
2012,KOR,South Korea,Male,67.98646450192385,False
2012,KOR,South Korea,Female,72.46773253690651,False
2013,KOR,South Korea,Male,68.38046118957027,False
2013,KOR,South Korea,Female,72.7102687772828,False
2014,KOR,South Korea,Male,68.69967687764533,False
2014,KOR,South Korea,Female,72.93346250079053,False
2015,KOR,South Korea,Male,68.96670301868063,False
2015,KOR,South Korea,Female,73.03430362515151,False
2016,KOR,South Korea,Male,69.26178390894354,False
2016,KOR,South Korea,Female,73.21905824056444,False
2017,KOR,South Korea,Male,69.52937851285652,False
2017,KOR,South Korea,Female,73.37704458802159,False
2018,KOR,South Korea,Male,69.70223435369203,False
2018,KOR,South Korea,Female,73.519422253017,False
2019,KOR,South Korea,Male,70.02439219623201,False
2019,KOR,South Korea,Female,73.74197865010872,False
2020,KOR,South Korea,Male,70.12217162421912,False
2020,KOR,South Korea,Female,73.70876885834811,False
2021,KOR,South Korea,Male,70.15045100005996,False
2021,KOR,South Korea,Female,73.64486190311676,False
2022,KOR,South Korea,Male,69.57720846593197,False
2022,KOR,South Korea,Female,72.94305703863522,False
2023,KOR,South Korea,Male,70.16320706467266,False
2023,KOR,South Korea,Female,73.40082945436447,False
2000,LTU,Lithuania,Male,57.94944218908129,True
2000,LTU,Lithuania,Female,65.66780651689065,True
2001,LTU,Lithuania,Male,57.8688914495191,True
2001,LTU,Lithuania,Female,65.71914120125318,True
2002,LTU,Lithuania,Male,57.864889277279055,True
2002,LTU,Lithuania,Female,65.83361160796352,True
2003,LTU,Lithuania,Male,57.84792860107393,True
2003,LTU,Lithuania,Female,65.94691574591394,True
2004,LTU,Lithuania,Male,57.74256158631698,True
2004,LTU,Lithuania,Female,65.9564676090582,True
2005,LTU,Lithuania,Male,57.4242604859611,True
2005,LTU,Lithuania,Female,65.89105639037484,True
2006,LTU,Lithuania,Male,57.18641087474671,True
2006,LTU,Lithuania,Female,65.86361401620177,True
2007,LTU,Lithuania,Male,57.28662122430725,True
2007,LTU,Lithuania,Female,66.01446052604051,True
2008,LTU,Lithuania,Male,57.80205530895759,True
2008,LTU,Lithuania,Female,66.24818456701412,True
2009,LTU,Lithuania,Male,58.51368975581492,True
2009,LTU,Lithuania,Female,66.58370689312042,True
2010,LTU,Lithuania,Male,59.00508674154671,True
2010,LTU,Lithuania,Female,66.82950097487975,True
2011,LTU,Lithuania,Male,59.4337420592195,True
2011,LTU,Lithuania,Female,67.14231166756969,True
2012,LTU,Lithuania,Male,59.82497209904548,True
2012,LTU,Lithuania,Female,67.40504169747436,True
2013,LTU,Lithuania,Male,60.20061075383186,True
2013,LTU,Lithuania,Female,67.6208999560616,True
2014,LTU,Lithuania,Male,60.561333383934766,True
2014,LTU,Lithuania,Female,67.81242715717445,True
2015,LTU,Lithuania,Male,60.82916217577012,True
2015,LTU,Lithuania,Female,67.93069213745672,True
2016,LTU,Lithuania,Male,61.25605938908131,True
2016,LTU,Lithuania,Female,68.10908627556631,True
2017,LTU,Lithuania,Male,61.77522838363101,True
2017,LTU,Lithuania,Female,68.3131605730875,True
2018,LTU,Lithuania,Male,62.16991513826634,True
2018,LTU,Lithuania,Female,68.50264386524397,True
2019,LTU,Lithuania,Male,62.3358153677576,True
2019,LTU,Lithuania,Female,68.58781532189084,True
2020,LTU,Lithuania,Male,61.47758330743223,True
2020,LTU,Lithuania,Female,67.77865532721486,True
2021,LTU,Lithuania,Male,60.93032363979518,True
2021,LTU,Lithuania,Female,66.79252777260132,True
2022,LTU,Lithuania,Male,61.87524284634464,True
2022,LTU,Lithuania,Female,67.57789442426166,True
2023,LTU,Lithuania,Male,62.60916540566387,True
2023,LTU,Lithuania,Female,68.4810340620635,True
2000,LUX,Luxembourg,Male,66.0851238596536,False
2000,LUX,Luxembourg,Female,69.42858103154899,False
2001,LUX,Luxembourg,Male,66.43047643503142,False
2001,LUX,Luxembourg,Female,69.5603483998037,False
2002,LUX,Luxembourg,Male,66.58256118823441,False
2002,LUX,Luxembourg,Female,69.67167698733351,False
2003,LUX,Luxembourg,Male,66.83240728344029,False
2003,LUX,Luxembourg,Female,69.79875562538031,False
2004,LUX,Luxembourg,Male,67.16879274848253,False
2004,LUX,Luxembourg,Female,70.01625248819391,False
2005,LUX,Luxembourg,Male,67.51000200583424,False
2005,LUX,Luxembourg,Female,70.17412503469383,False
2006,LUX,Luxembourg,Male,67.73140966353921,False
2006,LUX,Luxembourg,Female,70.25301216704568,False
2007,LUX,Luxembourg,Male,68.05070938420931,False
2007,LUX,Luxembourg,Female,70.38885850269999,False
2008,LUX,Luxembourg,Male,68.29456809333925,False
2008,LUX,Luxembourg,Female,70.57277300759894,False
2009,LUX,Luxembourg,Male,68.50838377504722,False
2009,LUX,Luxembourg,Female,70.7534022153999,False
2010,LUX,Luxembourg,Male,68.74124895643143,False
2010,LUX,Luxembourg,Female,70.87302914695668,False
2011,LUX,Luxembourg,Male,69.01024698350267,False
2011,LUX,Luxembourg,Female,70.9701989968757,False
2012,LUX,Luxembourg,Male,69.25908985878684,False
2012,LUX,Luxembourg,Female,71.13518517755605,False
2013,LUX,Luxembourg,Male,69.53935505356388,False
2013,LUX,Luxembourg,Female,71.23229113740176,False
2014,LUX,Luxembourg,Male,69.75908315060657,False
2014,LUX,Luxembourg,Female,71.42501450490711,False
2015,LUX,Luxembourg,Male,69.95268116967397,False
2015,LUX,Luxembourg,Female,71.5236751191065,False
2016,LUX,Luxembourg,Male,70.12498292509711,False
2016,LUX,Luxembourg,Female,71.62460417069562,False
2017,LUX,Luxembourg,Male,70.3614936246926,False
2017,LUX,Luxembourg,Female,71.77864452952207,False
2018,LUX,Luxembourg,Male,70.55519630881182,False
2018,LUX,Luxembourg,Female,71.93805621209873,False
2019,LUX,Luxembourg,Male,70.77892957543918,False
2019,LUX,Luxembourg,Female,72.08946587738231,False
2020,LUX,Luxembourg,Male,70.07937373574646,False
2020,LUX,Luxembourg,Female,71.36511532540553,False
2021,LUX,Luxembourg,Male,70.21267407443298,False
2021,LUX,Luxembourg,Female,71.44311185237456,False
2022,LUX,Luxembourg,Male,70.44050358825346,False
2022,LUX,Luxembourg,Female,71.51682217678552,False
2023,LUX,Luxembourg,Male,70.58519436366792,False
2023,LUX,Luxembourg,Female,71.58898085679864,False
2000,LVA,Latvia,Male,56.897865179808704,False
2000,LVA,Latvia,Female,64.7299373417702,False
2001,LVA,Latvia,Male,57.05977146156963,False
2001,LVA,Latvia,Female,64.84152024358124,False
2002,LVA,Latvia,Male,57.30206636595405,False
2002,LVA,Latvia,Female,64.96703797428128,False
2003,LVA,Latvia,Male,57.54784218299931,False
2003,LVA,Latvia,Female,65.1075480156869,False
2004,LVA,Latvia,Male,57.66842358177599,False
2004,LVA,Latvia,Female,65.25479282011895,False
2005,LVA,Latvia,Male,57.70572218563628,False
2005,LVA,Latvia,Female,65.38823106875547,False
2006,LVA,Latvia,Male,57.74092864817728,False
2006,LVA,Latvia,Female,65.451181919858,False
2007,LVA,Latvia,Male,58.20089475027102,False
2007,LVA,Latvia,Female,65.75849550554773,False
2008,LVA,Latvia,Male,58.8722148396972,False
2008,LVA,Latvia,Female,66.12178868892872,False
2009,LVA,Latvia,Male,59.514549529044615,False
2009,LVA,Latvia,Female,66.53412802943473,False
2010,LVA,Latvia,Male,60.0705182385986,False
2010,LVA,Latvia,Female,66.85901701880115,False
2011,LVA,Latvia,Male,60.488208541236496,False
2011,LVA,Latvia,Female,67.09885317144891,False
2012,LVA,Latvia,Male,60.93630172896506,False
2012,LVA,Latvia,Female,67.33653170344527,False
2013,LVA,Latvia,Male,61.29788753614736,False
2013,LVA,Latvia,Female,67.57151596006263,False
2014,LVA,Latvia,Male,61.65198765113957,False
2014,LVA,Latvia,Female,67.8478068317406,False
2015,LVA,Latvia,Male,61.898042553493376,False
2015,LVA,Latvia,Female,68.03320928618979,False
2016,LVA,Latvia,Male,62.118481342838194,False
2016,LVA,Latvia,Female,68.18044979070986,False
2017,LVA,Latvia,Male,62.338284976321056,False
2017,LVA,Latvia,Female,68.32824957682577,False
2018,LVA,Latvia,Male,62.634490636260594,False
2018,LVA,Latvia,Female,68.47249185327088,False
2019,LVA,Latvia,Male,62.9087625338724,False
2019,LVA,Latvia,Female,68.64769416384203,False
2020,LVA,Latvia,Male,62.49145150211138,False
2020,LVA,Latvia,Female,68.13496552802584,False
2021,LVA,Latvia,Male,60.77712082399511,False
2021,LVA,Latvia,Female,66.74863628403185,False
2022,LVA,Latvia,Male,61.44877820858442,False
2022,LVA,Latvia,Female,67.55056928849736,False
2023,LVA,Latvia,Male,62.06041498497486,False
2023,LVA,Latvia,Female,68.28305948696504,False
2000,MEX,Mexico,Male,61.25237627877559,False
2000,MEX,Mexico,Female,63.78361370199978,False
2001,MEX,Mexico,Male,61.551885922074135,False
2001,MEX,Mexico,Female,64.02191715215432,False
2002,MEX,Mexico,Male,61.61590731335145,False
2002,MEX,Mexico,Female,64.10285619225174,False
2003,MEX,Mexico,Male,61.70872976212062,False
2003,MEX,Mexico,Female,64.15319499973906,False
2004,MEX,Mexico,Male,61.887823181390246,False
2004,MEX,Mexico,Female,64.28132662682846,False
2005,MEX,Mexico,Male,61.956055580272725,False
2005,MEX,Mexico,Female,64.33818147362193,False
2006,MEX,Mexico,Male,62.16811627414308,False
2006,MEX,Mexico,Female,64.57577169993291,False
2007,MEX,Mexico,Male,62.30309001058359,False
2007,MEX,Mexico,Female,64.74509152663053,False
2008,MEX,Mexico,Male,62.221621970522975,False
2008,MEX,Mexico,Female,64.84000706163194,False
2009,MEX,Mexico,Male,62.3354774497486,False
2009,MEX,Mexico,Female,65.08737962397373,False
2010,MEX,Mexico,Male,62.16791300935928,False
2010,MEX,Mexico,Female,65.0273867667298,False
2011,MEX,Mexico,Male,62.30848472623413,False
2011,MEX,Mexico,Female,65.20124433640378,False
2012,MEX,Mexico,Male,62.496187794060525,False
2012,MEX,Mexico,Female,65.3110732484878,False
2013,MEX,Mexico,Male,62.66294350998742,False
2013,MEX,Mexico,Female,65.34677171017947,False
2014,MEX,Mexico,Male,62.72788644528117,False
2014,MEX,Mexico,Female,65.31031413660128,False
2015,MEX,Mexico,Male,62.67211012773371,False
2015,MEX,Mexico,Female,65.28659828393384,False
2016,MEX,Mexico,Male,62.47727677946724,False
2016,MEX,Mexico,Female,65.2812030487593,False
2017,MEX,Mexico,Male,62.36541999922807,False
2017,MEX,Mexico,Female,65.361053512058,False
2018,MEX,Mexico,Male,62.39410816996181,False
2018,MEX,Mexico,Female,65.53090432473758,False
2019,MEX,Mexico,Male,62.48104116566789,False
2019,MEX,Mexico,Female,65.66559385835288,False
2020,MEX,Mexico,Male,58.320582442261845,False
2020,MEX,Mexico,Female,62.67208091599846,False
2021,MEX,Mexico,Male,58.05521442151756,False
2021,MEX,Mexico,Female,61.954754222826985,False
2022,MEX,Mexico,Male,61.37707134469504,False
2022,MEX,Mexico,Female,64.4316688246264,False
2023,MEX,Mexico,Male,62.31371425330642,False
2023,MEX,Mexico,Female,65.07037764003125,False
2000,NLD,Netherlands,Male,64.70735664849032,False
2000,NLD,Netherlands,Female,67.1405982483792,False
2001,NLD,Netherlands,Male,64.8398658764231,False
2001,NLD,Netherlands,Female,67.12672967205623,False
2002,NLD,Netherlands,Male,64.93642635559468,False
2002,NLD,Netherlands,Female,67.12025804702724,False
2003,NLD,Netherlands,Male,65.13565188368221,False
2003,NLD,Netherlands,Female,67.25237069546729,False
2004,NLD,Netherlands,Male,65.43976084638295,False
2004,NLD,Netherlands,Female,67.42415713532056,False
2005,NLD,Netherlands,Male,65.73879181323159,False
2005,NLD,Netherlands,Female,67.64004915663989,False
2006,NLD,Netherlands,Male,66.00775409450522,False
2006,NLD,Netherlands,Female,67.7463168758314,False
2007,NLD,Netherlands,Male,66.25468967769676,False
2007,NLD,Netherlands,Female,67.85155391984239,False
2008,NLD,Netherlands,Male,66.46652333473429,False
2008,NLD,Netherlands,Female,67.8925761206903,False
2009,NLD,Netherlands,Male,66.60813813759603,False
2009,NLD,Netherlands,Female,67.99711740744658,False
2010,NLD,Netherlands,Male,66.79786866639347,False
2010,NLD,Netherlands,Female,68.05363061127316,False
2011,NLD,Netherlands,Male,67.17510840344714,False
2011,NLD,Netherlands,Female,68.22221687964964,False
2012,NLD,Netherlands,Male,67.48407703884288,False
2012,NLD,Netherlands,Female,68.36074265193889,False
2013,NLD,Netherlands,Male,67.94301553769385,False
2013,NLD,Netherlands,Female,68.59910692113344,False
2014,NLD,Netherlands,Male,68.48752227424109,False
2014,NLD,Netherlands,Female,68.86676267611612,False
2015,NLD,Netherlands,Male,68.74047552687968,False
2015,NLD,Netherlands,Female,69.00015822324873,False
2016,NLD,Netherlands,Male,68.93103657889064,False
2016,NLD,Netherlands,Female,69.08769141967284,False
2017,NLD,Netherlands,Male,69.2847356659036,False
2017,NLD,Netherlands,Female,69.40493038568755,False
2018,NLD,Netherlands,Male,69.4792660892654,False
2018,NLD,Netherlands,Female,69.55664678008783,False
2019,NLD,Netherlands,Male,69.73232699863746,False
2019,NLD,Netherlands,Female,69.84168177314919,False
2020,NLD,Netherlands,Male,68.8728955722448,False
2020,NLD,Netherlands,Female,68.9536653630037,False
2021,NLD,Netherlands,Male,68.77514157796696,False
2021,NLD,Netherlands,Female,68.69300896377112,False
2022,NLD,Netherlands,Male,68.9750600145975,False
2022,NLD,Netherlands,Female,68.71697825932874,False
2023,NLD,Netherlands,Male,69.23216500949339,False
2023,NLD,Netherlands,Female,68.92399553483057,False
2000,NOR,Norway,Male,66.52574919425726,True
2000,NOR,Norway,Female,69.27171445259282,True
2001,NOR,Norway,Male,66.66598430171456,True
2001,NOR,Norway,Female,69.34129995876762,True
2002,NOR,Norway,Male,66.83136026432804,True
2002,NOR,Norway,Female,69.44208608881891,True
2003,NOR,Norway,Male,67.18239336139348,True
2003,NOR,Norway,Female,69.61273390255162,True
2004,NOR,Norway,Male,67.45269786850236,True
2004,NOR,Norway,Female,69.87152943678801,True
2005,NOR,Norway,Male,67.68663339428686,True
2005,NOR,Norway,Female,70.02942619714682,True
2006,NOR,Norway,Male,67.91342574511198,True
2006,NOR,Norway,Female,70.05045110204708,True
2007,NOR,Norway,Male,68.03637137584744,True
2007,NOR,Norway,Female,70.12261791060796,True
2008,NOR,Norway,Male,68.1879841003024,True
2008,NOR,Norway,Female,70.24283478074318,True
2009,NOR,Norway,Male,68.43605745510705,True
2009,NOR,Norway,Female,70.35672998513962,True
2010,NOR,Norway,Male,68.60801806659634,True
2010,NOR,Norway,Female,70.48608829386696,True
2011,NOR,Norway,Male,68.73324538362355,True
2011,NOR,Norway,Female,70.51916934698093,True
2012,NOR,Norway,Male,69.01131039856453,True
2012,NOR,Norway,Female,70.60874767056306,True
2013,NOR,Norway,Male,69.24362850813009,True
2013,NOR,Norway,Female,70.75402365088657,True
2014,NOR,Norway,Male,69.57450623900083,True
2014,NOR,Norway,Female,70.9528608236482,True
2015,NOR,Norway,Male,69.80042392959008,True
2015,NOR,Norway,Female,71.05167633300012,True
2016,NOR,Norway,Male,70.00851852316927,True
2016,NOR,Norway,Female,71.08230970126212,True
2017,NOR,Norway,Male,70.2295832422616,True
2017,NOR,Norway,Female,71.14784696498073,True
2018,NOR,Norway,Male,70.39549944697073,True
2018,NOR,Norway,Female,71.2060751769635,True
2019,NOR,Norway,Male,70.6496468748691,True
2019,NOR,Norway,Female,71.36016143234254,True
2020,NOR,Norway,Male,70.62736652035652,True
2020,NOR,Norway,Female,71.20166752545732,True
2021,NOR,Norway,Male,70.60977695923523,True
2021,NOR,Norway,Female,71.0326743318875,True
2022,NOR,Norway,Male,70.05833655301772,True
2022,NOR,Norway,Female,70.63176304752753,True
2023,NOR,Norway,Male,70.33475570161951,True
2023,NOR,Norway,Female,70.76282535412808,True
2000,NZL,New Zealand,Male,65.6531456646785,False
2000,NZL,New Zealand,Female,67.59119282916747,False
2001,NZL,New Zealand,Male,65.82696779489645,False
2001,NZL,New Zealand,Female,67.63864479787507,False
2002,NZL,New Zealand,Male,66.06570610360231,False
2002,NZL,New Zealand,Female,67.72078343347704,False
2003,NZL,New Zealand,Male,66.31671225982927,False
2003,NZL,New Zealand,Female,67.81518391052303,False
2004,NZL,New Zealand,Male,66.59572869186916,False
2004,NZL,New Zealand,Female,67.9876884832944,False
2005,NZL,New Zealand,Male,66.969807808106,False
2005,NZL,New Zealand,Female,68.2172289033916,False
2006,NZL,New Zealand,Male,67.1180300464146,False
2006,NZL,New Zealand,Female,68.3180387083721,False
2007,NZL,New Zealand,Male,67.22317608761594,False
2007,NZL,New Zealand,Female,68.42738401863505,False
2008,NZL,New Zealand,Male,67.3995058889166,False
2008,NZL,New Zealand,Female,68.55733136855659,False
2009,NZL,New Zealand,Male,67.65572221226634,False
2009,NZL,New Zealand,Female,68.72645305018492,False
2010,NZL,New Zealand,Male,67.91565278212373,False
2010,NZL,New Zealand,Female,68.86261905719785,False
2011,NZL,New Zealand,Male,67.96298964363848,False
2011,NZL,New Zealand,Female,68.77937559314583,False
2012,NZL,New Zealand,Male,68.11419672433709,False
2012,NZL,New Zealand,Female,68.96864735418924,False
2013,NZL,New Zealand,Male,68.27003052797934,False
2013,NZL,New Zealand,Female,69.08972362768658,False
2014,NZL,New Zealand,Male,68.2789752212132,False
2014,NZL,New Zealand,Female,68.99528585956875,False
2015,NZL,New Zealand,Male,68.34346912255481,False
2015,NZL,New Zealand,Female,68.98907863110358,False
2016,NZL,New Zealand,Male,68.4504255426301,False
2016,NZL,New Zealand,Female,69.08441505726219,False
2017,NZL,New Zealand,Male,68.43537555844884,False
2017,NZL,New Zealand,Female,69.10434173095359,False
2018,NZL,New Zealand,Male,68.51895409207705,False
2018,NZL,New Zealand,Female,69.1760890818747,False
2019,NZL,New Zealand,Male,68.71619354216561,False
2019,NZL,New Zealand,Female,69.33431033902201,False
2020,NZL,New Zealand,Male,68.87965548177358,False
2020,NZL,New Zealand,Female,69.43401947556526,False
2021,NZL,New Zealand,Male,68.76262756211648,False
2021,NZL,New Zealand,Female,69.25510035293209,False
2022,NZL,New Zealand,Male,68.23665168350581,False
2022,NZL,New Zealand,Female,68.71650158753647,False
2023,NZL,New Zealand,Male,68.41094456738404,False
2023,NZL,New Zealand,Female,68.67223628514193,False
2000,POL,Poland,Male,61.064621956390745,False
2000,POL,Poland,Female,66.65750674455862,False
2001,POL,Poland,Male,61.46676889845778,False
2001,POL,Poland,Female,66.95315940822037,False
2002,POL,Poland,Male,61.78241688740255,False
2002,POL,Poland,Female,67.24070332812833,False
2003,POL,Poland,Male,61.93913621674656,False
2003,POL,Poland,Female,67.38304379851849,False
2004,POL,Poland,Male,62.09042148615618,False
2004,POL,Poland,Female,67.59099016119961,False
2005,POL,Poland,Male,62.23121162687232,False
2005,POL,Poland,Female,67.77937311318371,False
2006,POL,Poland,Male,62.334159246672186,False
2006,POL,Poland,Female,67.9398421232198,False
2007,POL,Poland,Male,62.44749108460789,False
2007,POL,Poland,Female,68.08393698654434,False
2008,POL,Poland,Male,62.65244916180483,False
2008,POL,Poland,Female,68.25436159911446,False
2009,POL,Poland,Male,62.90682664962612,False
2009,POL,Poland,Female,68.42386162437467,False
2010,POL,Poland,Male,63.24994841818598,False
2010,POL,Poland,Female,68.69658131677384,False
2011,POL,Poland,Male,63.52484031420916,False
2011,POL,Poland,Female,68.9032093642725,False
2012,POL,Poland,Male,63.68283180596785,False
2012,POL,Poland,Female,69.00612970937867,False
2013,POL,Poland,Male,63.95084260646132,False
2013,POL,Poland,Female,69.14836532325522,False
2014,POL,Poland,Male,64.31160271759515,False
2014,POL,Poland,Female,69.42152147235878,False
2015,POL,Poland,Male,64.35452922956041,False
2015,POL,Poland,Female,69.46927587492733,False
2016,POL,Poland,Male,64.52297233446497,False
2016,POL,Poland,Female,69.6457619051651,False
2017,POL,Poland,Male,64.57721982211807,False
2017,POL,Poland,Female,69.62539405579001,False
2018,POL,Poland,Male,64.59906351802724,False
2018,POL,Poland,Female,69.63132025984167,False
2019,POL,Poland,Male,64.74252381680233,False
2019,POL,Poland,Female,69.75660757118331,False
2020,POL,Poland,Male,63.48756754511336,False
2020,POL,Poland,Female,68.61684422101061,False
2021,POL,Poland,Male,62.7484292254817,False
2021,POL,Poland,Female,67.68430385580733,False
2022,POL,Poland,Male,64.03351160067577,False
2022,POL,Poland,Female,68.84409088010871,False
2023,POL,Poland,Male,65.04678921758776,False
2023,POL,Poland,Female,69.51815737495657,False
2000,PRT,Portugal,Male,64.31003925439384,False
2000,PRT,Portugal,Female,68.51772357902233,False
2001,PRT,Portugal,Male,64.59471784871542,False
2001,PRT,Portugal,Female,68.73508966634877,False
2002,PRT,Portugal,Male,64.83057810995601,False
2002,PRT,Portugal,Female,68.85461219143284,False
2003,PRT,Portugal,Male,65.15805797255062,False
2003,PRT,Portugal,Female,69.03307163424861,False
2004,PRT,Portugal,Male,65.67395189474084,False
2004,PRT,Portugal,Female,69.49316344584065,False
2005,PRT,Portugal,Male,65.98476472420366,False
2005,PRT,Portugal,Female,69.8369485487353,False
2006,PRT,Portugal,Male,66.25447169800454,False
2006,PRT,Portugal,Female,70.06756184297069,False
2007,PRT,Portugal,Male,66.5165541188956,False
2007,PRT,Portugal,Female,70.16751138936702,False
2008,PRT,Portugal,Male,66.8216513921146,False
2008,PRT,Portugal,Female,70.26110878809554,False
2009,PRT,Portugal,Male,67.11496318448171,False
2009,PRT,Portugal,Female,70.44912466615357,False
2010,PRT,Portugal,Male,67.34195060700777,False
2010,PRT,Portugal,Female,70.62523888010162,False
2011,PRT,Portugal,Male,67.66861008728408,False
2011,PRT,Portugal,Female,70.85053126896966,False
2012,PRT,Portugal,Male,67.82836232991208,False
2012,PRT,Portugal,Female,70.96603856101565,False
2013,PRT,Portugal,Male,68.07539570724379,False
2013,PRT,Portugal,Female,71.16514003210234,False
2014,PRT,Portugal,Male,68.40400894226148,False
2014,PRT,Portugal,Female,71.35995345413431,False
2015,PRT,Portugal,Male,68.56604825416363,False
2015,PRT,Portugal,Female,71.3968633492971,False
2016,PRT,Portugal,Male,68.60986916622505,False
2016,PRT,Portugal,Female,71.45483086708819,False
2017,PRT,Portugal,Male,68.8042470851769,False
2017,PRT,Portugal,Female,71.64203915738558,False
2018,PRT,Portugal,Male,68.89584654597236,False
2018,PRT,Portugal,Female,71.74400592285181,False
2019,PRT,Portugal,Male,69.0910945133727,False
2019,PRT,Portugal,Female,71.86243130411631,False
2020,PRT,Portugal,Male,68.38906693445537,False
2020,PRT,Portugal,Female,70.99890416357675,False
2021,PRT,Portugal,Male,68.28060380996816,False
2021,PRT,Portugal,Female,70.90044246518026,False
2022,PRT,Portugal,Male,68.097969141424,False
2022,PRT,Portugal,Female,70.87485769113083,False
2023,PRT,Portugal,Male,68.49173963424498,False
2023,PRT,Portugal,Female,71.16210142628627,False
2000,SVK,Slovakia,Male,60.73848867188286,False
2000,SVK,Slovakia,Female,66.46501693475659,False
2001,SVK,Slovakia,Male,60.99763243103816,False
2001,SVK,Slovakia,Female,66.60382055097665,False
2002,SVK,Slovakia,Male,61.2537390412677,False
2002,SVK,Slovakia,Female,66.81613589530171,False
2003,SVK,Slovakia,Male,61.44342154410968,False
2003,SVK,Slovakia,Female,66.9236756053687,False
2004,SVK,Slovakia,Male,61.62813313825816,False
2004,SVK,Slovakia,Female,67.0129340425398,False
2005,SVK,Slovakia,Male,61.69980801248211,False
2005,SVK,Slovakia,Female,67.08154278201427,False
2006,SVK,Slovakia,Male,61.83730782312975,False
2006,SVK,Slovakia,Female,67.2071211432631,False
2007,SVK,Slovakia,Male,61.99719835547746,False
2007,SVK,Slovakia,Female,67.33467079565135,False
2008,SVK,Slovakia,Male,62.25773479332044,False
2008,SVK,Slovakia,Female,67.55290322469085,False
2009,SVK,Slovakia,Male,62.52394042335608,False
2009,SVK,Slovakia,Female,67.67918207436031,False
2010,SVK,Slovakia,Male,62.81571403544912,False
2010,SVK,Slovakia,Female,67.87268943383141,False
2011,SVK,Slovakia,Male,63.1713113693833,False
2011,SVK,Slovakia,Female,68.0758873014644,False
2012,SVK,Slovakia,Male,63.51896206242103,False
2012,SVK,Slovakia,Female,68.29987939107457,False
2013,SVK,Slovakia,Male,63.77034267396843,False
2013,SVK,Slovakia,Female,68.4782011802361,False
2014,SVK,Slovakia,Male,64.02099318662066,False
2014,SVK,Slovakia,Female,68.64656041732903,False
2015,SVK,Slovakia,Male,64.15756613052017,False
2015,SVK,Slovakia,Female,68.67641572279389,False
2016,SVK,Slovakia,Male,64.36533838921028,False
2016,SVK,Slovakia,Female,68.81896284317327,False
2017,SVK,Slovakia,Male,64.52489456360662,False
2017,SVK,Slovakia,Female,68.91646823308106,False
2018,SVK,Slovakia,Male,64.72423658651638,False
2018,SVK,Slovakia,Female,69.08692373930232,False
2019,SVK,Slovakia,Male,64.98426576051895,False
2019,SVK,Slovakia,Female,69.3077143117666,False
2020,SVK,Slovakia,Male,64.22706842695023,False
2020,SVK,Slovakia,Female,68.48338091481273,False
2021,SVK,Slovakia,Male,62.46138101448533,False
2021,SVK,Slovakia,Female,66.87166359242684,False
2022,SVK,Slovakia,Male,64.07394815477477,False
2022,SVK,Slovakia,Female,68.4715497162925,False
2023,SVK,Slovakia,Male,65.11692562169726,False
2023,SVK,Slovakia,Female,69.22633118996367,False
2000,SVN,Slovenia,Male,62.76395520557965,False
2000,SVN,Slovenia,Female,68.09860229602883,False
2001,SVN,Slovenia,Male,62.96537223792642,False
2001,SVN,Slovenia,Female,68.23735587365661,False
2002,SVN,Slovenia,Male,63.17113706010474,False
2002,SVN,Slovenia,Female,68.42683381436905,False
2003,SVN,Slovenia,Male,63.30657971532455,False
2003,SVN,Slovenia,Female,68.5739620188475,False
2004,SVN,Slovenia,Male,63.6819153845885,False
2004,SVN,Slovenia,Female,68.75912916515937,False
2005,SVN,Slovenia,Male,64.09433260018356,False
2005,SVN,Slovenia,Female,69.0012172318689,False
2006,SVN,Slovenia,Male,64.44013072123097,False
2006,SVN,Slovenia,Female,69.26797498093418,False
2007,SVN,Slovenia,Male,64.7862252971817,False
2007,SVN,Slovenia,Female,69.5050300305459,False
2008,SVN,Slovenia,Male,65.08366431112054,False
2008,SVN,Slovenia,Female,69.73861623354071,False
2009,SVN,Slovenia,Male,65.44568085271665,False
2009,SVN,Slovenia,Female,69.85825181513523,False
2010,SVN,Slovenia,Male,65.72779906239026,False
2010,SVN,Slovenia,Female,70.05714609073756,False
2011,SVN,Slovenia,Male,66.06269379067567,False
2011,SVN,Slovenia,Female,70.21907747500343,False
2012,SVN,Slovenia,Male,66.34418077184677,False
2012,SVN,Slovenia,Female,70.31274941229198,False
2013,SVN,Slovenia,Male,66.58080775172549,False
2013,SVN,Slovenia,Female,70.46333669802104,False
2014,SVN,Slovenia,Male,66.86615660983401,False
2014,SVN,Slovenia,Female,70.63777231839072,False
2015,SVN,Slovenia,Male,67.05986963076813,False
2015,SVN,Slovenia,Female,70.77128818685215,False
2016,SVN,Slovenia,Male,67.2718519954083,False
2016,SVN,Slovenia,Female,70.93017392560725,False
2017,SVN,Slovenia,Male,67.51012166507084,False
2017,SVN,Slovenia,Female,71.06126463272912,False
2018,SVN,Slovenia,Male,67.77559247616219,False
2018,SVN,Slovenia,Female,71.25063579859317,False
2019,SVN,Slovenia,Male,68.0227470747559,False
2019,SVN,Slovenia,Female,71.3888696497551,False
2020,SVN,Slovenia,Male,67.15562128038326,False
2020,SVN,Slovenia,Female,70.39881888173402,False
2021,SVN,Slovenia,Male,67.0526050112871,False
2021,SVN,Slovenia,Female,70.47274138439114,False
2022,SVN,Slovenia,Male,67.38763799908443,False
2022,SVN,Slovenia,Female,70.60164618980036,False
2023,SVN,Slovenia,Male,67.86201864979833,False
2023,SVN,Slovenia,Female,70.78149056464571,False
2000,SWE,Sweden,Male,68.10579411794376,False
2000,SWE,Sweden,Female,70.80664252698122,False
2001,SWE,Sweden,Male,68.27437553546577,False
2001,SWE,Sweden,Female,70.8380554472983,False
2002,SWE,Sweden,Male,68.3675631254657,False
2002,SWE,Sweden,Female,70.87473667853614,False
2003,SWE,Sweden,Male,68.54358641962462,False
2003,SWE,Sweden,Female,71.04887620907952,False
2004,SWE,Sweden,Male,68.77530815417359,False
2004,SWE,Sweden,Female,71.16826976779758,False
2005,SWE,Sweden,Male,68.87438376608554,False
2005,SWE,Sweden,Female,71.21127502840727,False
2006,SWE,Sweden,Male,69.0525437197864,False
2006,SWE,Sweden,Female,71.29131537187124,False
2007,SWE,Sweden,Male,69.21034971029542,False
2007,SWE,Sweden,Female,71.3414773328388,False
2008,SWE,Sweden,Male,69.34798773015117,False
2008,SWE,Sweden,Female,71.46778698314428,False
2009,SWE,Sweden,Male,69.51285947831289,False
2009,SWE,Sweden,Female,71.58576496794123,False
2010,SWE,Sweden,Male,69.60322100741227,False
2010,SWE,Sweden,Female,71.62744945376522,False
2011,SWE,Sweden,Male,69.76203428835208,False
2011,SWE,Sweden,Female,71.7388876443333,False
2012,SWE,Sweden,Male,69.8136671247153,False
2012,SWE,Sweden,Female,71.62248165772986,False
2013,SWE,Sweden,Male,69.93894805257717,False
2013,SWE,Sweden,Female,71.68404134502595,False
2014,SWE,Sweden,Male,70.0085978488369,False
2014,SWE,Sweden,Female,71.74775890427937,False
2015,SWE,Sweden,Male,70.01194149538534,False
2015,SWE,Sweden,Female,71.70549393638323,False
2016,SWE,Sweden,Male,70.11311136068255,False
2016,SWE,Sweden,Female,71.72745079949922,False
2017,SWE,Sweden,Male,70.1878316209017,False
2017,SWE,Sweden,Female,71.68450735443572,False
2018,SWE,Sweden,Male,70.30703214925799,False
2018,SWE,Sweden,Female,71.77732530165912,False
2019,SWE,Sweden,Male,70.50582653146446,False
2019,SWE,Sweden,Female,71.96454766323083,False
2020,SWE,Sweden,Male,69.77221304599396,False
2020,SWE,Sweden,Female,71.15736502305077,False
2021,SWE,Sweden,Male,70.16235196509169,False
2021,SWE,Sweden,Female,71.40144480458247,False
2022,SWE,Sweden,Male,70.25641608848694,False
2022,SWE,Sweden,Female,71.26401335286347,False
2023,SWE,Sweden,Male,70.3812672245153,False
2023,SWE,Sweden,Female,71.30230500971125,False
2000,USA,United States,Male,63.419256386813394,False
2000,USA,United States,Female,65.76318217228416,False
2001,USA,United States,Male,63.47209201761095,False
2001,USA,United States,Female,65.78318008230112,False
2002,USA,United States,Male,63.51180039134411,False
2002,USA,United States,Female,65.82425797586113,False
2003,USA,United States,Male,63.603023459173286,False
2003,USA,United States,Female,65.88760175357237,False
2004,USA,United States,Male,63.865357920466096,False
2004,USA,United States,Female,66.10273749290837,False
2005,USA,United States,Male,63.85471052826325,False
2005,USA,United States,Female,66.11557784283512,False
2006,USA,United States,Male,64.01530659970624,False
2006,USA,United States,Female,66.27567114326686,False
2007,USA,United States,Male,64.18537951395048,False
2007,USA,United States,Female,66.41981078341126,False
2008,USA,United States,Male,64.27260474703425,False
2008,USA,United States,Female,66.44762202329541,False
2009,USA,United States,Male,64.49947869260818,False
2009,USA,United States,Female,66.63065394016016,False
2010,USA,United States,Male,64.64899820291436,False
2010,USA,United States,Female,66.73199496099429,False
2011,USA,United States,Male,64.6885948816517,False
2011,USA,United States,Female,66.72041405354152,False
2012,USA,United States,Male,64.71633260506837,False
2012,USA,United States,Female,66.73270932781934,False
2013,USA,United States,Male,64.66109364837884,False
2013,USA,United States,Female,66.66164067656369,False
2014,USA,United States,Male,64.63183638491847,False
2014,USA,United States,Female,66.61157739904844,False
2015,USA,United States,Male,64.4755351808738,False
2015,USA,United States,Female,66.47646357292837,False
2016,USA,United States,Male,64.34406617532001,False
2016,USA,United States,Female,66.41227697605976,False
2017,USA,United States,Male,64.2864652823011,False
2017,USA,United States,Female,66.34398171661023,False
2018,USA,United States,Male,64.36496900423379,False
2018,USA,United States,Female,66.37660440767567,False
2019,USA,United States,Male,64.39519223762106,False
2019,USA,United States,Female,66.40663462939578,False
2020,USA,United States,Male,62.68858381663429,False
2020,USA,United States,Female,65.01158527001961,False
2021,USA,United States,Male,62.00336056392918,False
2021,USA,United States,Female,64.48181307558795,False
2022,USA,United States,Male,62.88202073098769,False
2022,USA,United States,Female,65.08664171200381,False
2023,USA,United States,Male,63.53351980770368,False
2023,USA,United States,Female,65.54237487705865,False
