year,code,country,gap,highlighted,series
2000,AUS,Australia,9.100230520207687,False,Australia
2001,AUS,Australia,8.891708782044635,False,Australia
2002,AUS,Australia,8.444395887689462,False,Australia
2003,AUS,Australia,8.019509916654128,False,Australia
2004,AUS,Australia,8.033341794110559,False,Australia
2005,AUS,Australia,7.956978289301364,False,Australia
2006,AUS,Australia,8.167210290491354,False,Australia
2007,AUS,Australia,7.790810558789181,False,Australia
2008,AUS,Australia,7.35676366256233,False,Australia
2009,AUS,Australia,7.10514159755157,False,Australia
2010,AUS,Australia,6.760734027413912,False,Australia
2011,AUS,Australia,6.274115734264582,False,Australia
2012,AUS,Australia,5.897258063515402,False,Australia
2013,AUS,Australia,5.513884823284823,False,Australia
2014,AUS,Australia,5.363397050849057,False,Australia
2015,AUS,Australia,5.415040886574261,False,Australia
2016,AUS,Australia,5.545449015977154,False,Australia
2017,AUS,Australia,5.345824915503916,False,Australia
2018,AUS,Australia,5.350541389815584,False,Australia
2019,AUS,Australia,5.496363920686285,False,Australia
2020,AUS,Australia,5.212252029701254,False,Australia
2021,AUS,Australia,5.228234539573471,False,Australia
2022,AUS,Australia,5.42547696317069,False,Australia
2023,AUS,Australia,5.242422452314649,False,Australia
2000,AUT,Austria,11.057225685270382,False,Austria
2001,AUT,Austria,10.730978466571374,False,Austria
2002,AUT,Austria,10.406923148973608,False,Austria
2003,AUT,Austria,10.339254754391348,False,Austria
2004,AUT,Austria,10.006323989869006,False,Austria
2005,AUT,Austria,9.42131479104215,False,Austria
2006,AUT,Austria,8.65991748586849,False,Austria
2007,AUT,Austria,8.21950446533167,False,Austria
2008,AUT,Austria,8.058488964777492,False,Austria
2009,AUT,Austria,7.63068960889489,False,Austria
2010,AUT,Austria,6.831659575203205,False,Austria
2011,AUT,Austria,6.438405780054836,False,Austria
2012,AUT,Austria,6.268177635890646,False,Austria
2013,AUT,Austria,5.879664256484332,False,Austria
2014,AUT,Austria,5.328914048295152,False,Austria
2015,AUT,Austria,5.1568116347451305,False,Austria
2016,AUT,Austria,4.937184407797622,False,Austria
2017,AUT,Austria,4.984012894275978,False,Austria
2018,AUT,Austria,4.902878216912738,False,Austria
2019,AUT,Austria,4.913069944509446,False,Austria
2020,AUT,Austria,4.818852241182197,False,Austria
2021,AUT,Austria,4.976024013002856,False,Austria
2022,AUT,Austria,4.992816811526099,False,Austria
2023,AUT,Austria,4.733683193825677,False,Austria
2000,BEL,Belgium,15.417028391175135,False,Belgium
2001,BEL,Belgium,15.037024003551501,False,Belgium
2002,BEL,Belgium,13.513883544928678,False,Belgium
2003,BEL,Belgium,12.554036300945452,False,Belgium
2004,BEL,Belgium,12.138582696266546,False,Belgium
2005,BEL,Belgium,11.366235625891438,False,Belgium
2006,BEL,Belgium,11.194333868432231,False,Belgium
2007,BEL,Belgium,11.455550526108201,False,Belgium
2008,BEL,Belgium,10.483759953636088,False,Belgium
2009,BEL,Belgium,10.04421456729581,False,Belgium
2010,BEL,Belgium,9.38802770096352,False,Belgium
2011,BEL,Belgium,8.613919674693804,False,Belgium
2012,BEL,Belgium,8.058020555870264,False,Belgium
2013,BEL,Belgium,7.56297917875315,False,Belgium
2014,BEL,Belgium,7.097537587990993,False,Belgium
2015,BEL,Belgium,6.581785763108432,False,Belgium
2016,BEL,Belgium,6.325608058014487,False,Belgium
2017,BEL,Belgium,5.826271342863274,False,Belgium
2018,BEL,Belgium,5.5154314501154404,False,Belgium
2019,BEL,Belgium,5.7124505297585495,False,Belgium
2020,BEL,Belgium,5.369815585705915,False,Belgium
2021,BEL,Belgium,5.64751934433796,False,Belgium
2022,BEL,Belgium,5.480650411376503,False,Belgium
2023,BEL,Belgium,5.212581474206614,False,Belgium
2000,CAN,Canada,7.740797118830806,True,Canada
2001,CAN,Canada,7.460517954610319,True,Canada
2002,CAN,Canada,7.419769898419572,True,Canada
2003,CAN,Canada,7.331724729202644,True,Canada
2004,CAN,Canada,7.55998752347451,True,Canada
2005,CAN,Canada,7.56098895290596,True,Canada
2006,CAN,Canada,7.348310565029309,True,Canada
2007,CAN,Canada,7.366990626266583,True,Canada
2008,CAN,Canada,6.866794783309155,True,Canada
2009,CAN,Canada,6.27140900789273,True,Canada
2010,CAN,Canada,5.928571922680721,True,Canada
2011,CAN,Canada,5.618910430212339,True,Canada
2012,CAN,Canada,5.3284310826851815,True,Canada
2013,CAN,Canada,4.998944893303324,True,Canada
2014,CAN,Canada,5.05545138030706,True,Canada
2015,CAN,Canada,4.9840559752007,True,Canada
2016,CAN,Canada,4.687743903911736,True,Canada
2017,CAN,Canada,4.41442913229047,True,Canada
2018,CAN,Canada,4.244111331938395,True,Canada
2019,CAN,Canada,4.1066135898251455,True,Canada
2020,CAN,Canada,4.651178839116487,True,Canada
2021,CAN,Canada,4.864429767491978,True,Canada
2022,CAN,Canada,4.907860164571277,True,Canada
2023,CAN,Canada,4.8252299695736305,True,Canada
2000,CHE,Switzerland,7.191645618807732,False,Switzerland
2001,CHE,Switzerland,6.914701853842271,False,Switzerland
2002,CHE,Switzerland,6.6320602262298225,False,Switzerland
2003,CHE,Switzerland,6.487367318982412,False,Switzerland
2004,CHE,Switzerland,6.354667367262204,False,Switzerland
2005,CHE,Switzerland,5.4714805882000705,False,Switzerland
2006,CHE,Switzerland,5.1624818152551315,False,Switzerland
2007,CHE,Switzerland,5.013350915232866,False,Switzerland
2008,CHE,Switzerland,4.89012177182901,False,Switzerland
2009,CHE,Switzerland,4.62504376509713,False,Switzerland
2010,CHE,Switzerland,4.348690623887705,False,Switzerland
2011,CHE,Switzerland,3.798388206613215,False,Switzerland
2012,CHE,Switzerland,3.5613101738917567,False,Switzerland
2013,CHE,Switzerland,3.18031638592369,False,Switzerland
2014,CHE,Switzerland,3.1263849143646003,False,Switzerland
2015,CHE,Switzerland,3.0489723818238237,False,Switzerland
2016,CHE,Switzerland,2.905236451780529,False,Switzerland
2017,CHE,Switzerland,2.9647681027892627,False,Switzerland
2018,CHE,Switzerland,2.9513071954008936,False,Switzerland
2019,CHE,Switzerland,2.9063086376844414,False,Switzerland
2020,CHE,Switzerland,2.8563766004277307,False,Switzerland
2021,CHE,Switzerland,2.744781550329045,False,Switzerland
2022,CHE,Switzerland,2.795135511499672,False,Switzerland
2023,CHE,Switzerland,2.5283036279511837,False,Switzerland
2000,CHL,Chile,18.31141523660134,False,Chile
2001,CHL,Chile,17.796085581532225,False,Chile
2002,CHL,Chile,17.7213078216908,False,Chile
2003,CHL,Chile,18.164375742726648,False,Chile
2004,CHL,Chile,17.888811991822575,False,Chile
2005,CHL,Chile,17.32776597992662,False,Chile
2006,CHL,Chile,16.529796539672294,False,Chile
2007,CHL,Chile,16.900550249238062,False,Chile
2008,CHL,Chile,16.725444506040624,False,Chile
2009,CHL,Chile,16.36042166307729,False,Chile
2010,CHL,Chile,15.72994200865923,False,Chile
2011,CHL,Chile,15.461265195675647,False,Chile
2012,CHL,Chile,14.921309920620473,False,Chile
2013,CHL,Chile,15.207645259073686,False,Chile
2014,CHL,Chile,14.651734340149847,False,Chile
2015,CHL,Chile,14.568249732906732,False,Chile
2016,CHL,Chile,14.412750809103748,False,Chile
2017,CHL,Chile,13.910936467760028,False,Chile
2018,CHL,Chile,13.600702799624479,False,Chile
2019,CHL,Chile,13.819797587834916,False,Chile
2020,CHL,Chile,13.090065925899633,False,Chile
2021,CHL,Chile,13.963675529898516,False,Chile
2022,CHL,Chile,15.421226826819407,False,Chile
2023,CHL,Chile,14.017304097746859,False,Chile
2000,COL,Colombia,18.79074296356111,False,Colombia
2001,COL,Colombia,17.770442599833252,False,Colombia
2002,COL,Colombia,16.97754352732884,False,Colombia
2003,COL,Colombia,17.29171947669674,False,Colombia
2004,COL,Colombia,17.311919169630496,False,Colombia
2005,COL,Colombia,17.421758147063624,False,Colombia
2006,COL,Colombia,17.51696933131416,False,Colombia
2007,COL,Colombia,18.362969341066183,False,Colombia
2008,COL,Colombia,18.4835789568534,False,Colombia
2009,COL,Colombia,18.331138627367764,False,Colombia
2010,COL,Colombia,17.545539995858647,False,Colombia
2011,COL,Colombia,17.667822305507553,False,Colombia
2012,COL,Colombia,18.105829925154705,False,Colombia
2013,COL,Colombia,18.52126039477101,False,Colombia
2014,COL,Colombia,19.188183426605285,False,Colombia
2015,COL,Colombia,19.90273228808291,False,Colombia
2016,COL,Colombia,20.584086526687294,False,Colombia
2017,COL,Colombia,20.45263204246421,False,Colombia
2018,COL,Colombia,19.785037814902612,False,Colombia
2019,COL,Colombia,19.323486262881968,False,Colombia
2020,COL,Colombia,18.25577925413837,False,Colombia
2021,COL,Colombia,21.031598760388693,False,Colombia
2022,COL,Colombia,23.577447856763456,False,Colombia
2023,COL,Colombia,22.177277334813503,False,Colombia
2000,CRI,Costa Rica,22.511835959630083,True,Costa Rica
2001,CRI,Costa Rica,22.10331912169795,True,Costa Rica
2002,CRI,Costa Rica,21.878109274858488,True,Costa Rica
2003,CRI,Costa Rica,20.367184711881077,True,Costa Rica
2004,CRI,Costa Rica,19.820576811409477,True,Costa Rica
2005,CRI,Costa Rica,20.48042358774574,True,Costa Rica
2006,CRI,Costa Rica,20.301690623078372,True,Costa Rica
2007,CRI,Costa Rica,20.555381884180196,True,Costa Rica
2008,CRI,Costa Rica,20.47628130655438,True,Costa Rica
2009,CRI,Costa Rica,19.480100873670573,True,Costa Rica
2010,CRI,Costa Rica,18.451610542052148,True,Costa Rica
2011,CRI,Costa Rica,18.3619887344627,True,Costa Rica
2012,CRI,Costa Rica,19.54401011068922,True,Costa Rica
2013,CRI,Costa Rica,20.13867053491058,True,Costa Rica
2014,CRI,Costa Rica,21.49644792488887,True,Costa Rica
2015,CRI,Costa Rica,22.98892432033229,True,Costa Rica
2016,CRI,Costa Rica,24.0566504235941,True,Costa Rica
2017,CRI,Costa Rica,24.425404055618984,True,Costa Rica
2018,CRI,Costa Rica,23.007532864436747,True,Costa Rica
2019,CRI,Costa Rica,22.025433082856182,True,Costa Rica
2020,CRI,Costa Rica,20.352142727685283,True,Costa Rica
2021,CRI,Costa Rica,21.937629938759546,True,Costa Rica
2022,CRI,Costa Rica,24.9859717712988,True,Costa Rica
2023,CRI,Costa Rica,26.149589007928398,True,Costa Rica
2000,CZE,Czechia,14.561719422266638,False,Czechia
2001,CZE,Czechia,14.315649704681494,False,Czechia
2002,CZE,Czechia,14.15024403169014,False,Czechia
2003,CZE,Czechia,13.670471345222536,False,Czechia
2004,CZE,Czechia,12.531918303197191,False,Czechia
2005,CZE,Czechia,12.03187683446393,False,Czechia
2006,CZE,Czechia,11.273662457270934,False,Czechia
2007,CZE,Czechia,11.122597466721787,False,Czechia
2008,CZE,Czechia,10.532587115017295,False,Czechia
2009,CZE,Czechia,9.28904892858305,False,Czechia
2010,CZE,Czechia,8.650583715199742,False,Czechia
2011,CZE,Czechia,8.078634231363148,False,Czechia
2012,CZE,Czechia,7.861837625211116,False,Czechia
2013,CZE,Czechia,7.303981275793271,False,Czechia
2014,CZE,Czechia,7.325591066305152,False,Czechia
2015,CZE,Czechia,7.702187779527217,False,Czechia
2016,CZE,Czechia,6.840738531468376,False,Czechia
2017,CZE,Czechia,6.337992804191302,False,Czechia
2018,CZE,Czechia,6.420310254634698,False,Czechia
2019,CZE,Czechia,6.520775054993441,False,Czechia
2020,CZE,Czechia,6.381682919668319,False,Czechia
2021,CZE,Czechia,6.2333410312918645,False,Czechia
2022,CZE,Czechia,6.257904047292035,False,Czechia
2023,CZE,Czechia,6.0792351296285805,False,Czechia
2000,DEU,Germany,9.092407228259862,True,Germany
2001,DEU,Germany,8.544050416150313,True,Germany
2002,DEU,Germany,8.162485223579104,True,Germany
2003,DEU,Germany,8.077125394985254,True,Germany
2004,DEU,Germany,7.330866970967803,True,Germany
2005,DEU,Germany,6.815614343032632,True,Germany
2006,DEU,Germany,6.426847480704543,True,Germany
2007,DEU,Germany,6.165803684105466,True,Germany
2008,DEU,Germany,5.731263997524733,True,Germany
2009,DEU,Germany,5.481060843359968,True,Germany
2010,DEU,Germany,5.135856729306788,True,Germany
2011,DEU,Germany,5.147756959719789,True,Germany
2012,DEU,Germany,4.912627849507262,True,Germany
2013,DEU,Germany,4.684558990312044,True,Germany
2014,DEU,Germany,4.730078218480221,True,Germany
2015,DEU,Germany,4.819560875974991,True,Germany
2016,DEU,Germany,4.656825190164712,True,Germany
2017,DEU,Germany,4.625124793782889,True,Germany
2018,DEU,Germany,4.755870401889949,True,Germany
2019,DEU,Germany,4.612784710386455,True,Germany
2020,DEU,Germany,4.278848004445144,True,Germany
2021,DEU,Germany,4.337682439403483,True,Germany
2022,DEU,Germany,4.39709373529034,True,Germany
2023,DEU,Germany,4.287497016477233,True,Germany
2000,DNK,Denmark,7.941244883095588,False,Denmark
2001,DNK,Denmark,7.973822125773433,False,Denmark
2002,DNK,Denmark,7.954692686881418,False,Denmark
2003,DNK,Denmark,7.931658228925286,False,Denmark
2004,DNK,Denmark,7.255448536248156,False,Denmark
2005,DNK,Denmark,6.8522110125793105,False,Denmark
2006,DNK,Denmark,6.187825368744719,False,Denmark
2007,DNK,Denmark,6.442451164773953,False,Denmark
2008,DNK,Denmark,6.244283415013291,False,Denmark
2009,DNK,Denmark,5.1214887436058625,False,Denmark
2010,DNK,Denmark,4.394021301968355,False,Denmark
2011,DNK,Denmark,3.993549677702498,False,Denmark
2012,DNK,Denmark,3.479528412415802,False,Denmark
2013,DNK,Denmark,3.343346498751629,False,Denmark
2014,DNK,Denmark,3.5665068093455012,False,Denmark
2015,DNK,Denmark,3.4466565181774222,False,Denmark
2016,DNK,Denmark,3.3161308184967204,False,Denmark
2017,DNK,Denmark,3.31807739143649,False,Denmark
2018,DNK,Denmark,3.106505496761228,False,Denmark
2019,DNK,Denmark,3.562498766457873,False,Denmark
2020,DNK,Denmark,3.055498148048099,False,Denmark
2021,DNK,Denmark,2.224295481425539,False,Denmark
2022,DNK,Denmark,2.239003628865416,False,Denmark
2023,DNK,Denmark,2.267678193683693,False,Denmark
2000,ESP,Spain,17.64007564846669,False,Spain
2001,ESP,Spain,16.692195135010085,False,Spain
2002,ESP,Spain,16.02093486451764,False,Spain
2003,ESP,Spain,15.341580327530679,False,Spain
2004,ESP,Spain,14.061278984887274,False,Spain
2005,ESP,Spain,13.233756047515168,False,Spain
2006,ESP,Spain,11.880301047908851,False,Spain
2007,ESP,Spain,10.799528574204931,False,Spain
2008,ESP,Spain,9.008601677745428,False,Spain
2009,ESP,Spain,7.7057279223365525,False,Spain
2010,ESP,Spain,6.834193198463798,False,Spain
2011,ESP,Spain,6.135993264426402,False,Spain
2012,ESP,Spain,5.411138874005826,False,Spain
2013,ESP,Spain,4.948346199050617,False,Spain
2014,ESP,Spain,4.96654119262071,False,Spain
2015,ESP,Spain,5.046064854335421,False,Spain
2016,ESP,Spain,5.035576306203751,False,Spain
2017,ESP,Spain,5.1544043029862285,False,Spain
2018,ESP,Spain,5.148724220576628,False,Spain
2019,ESP,Spain,5.304399000189687,False,Spain
2020,ESP,Spain,4.9091187015325595,False,Spain
2021,ESP,Spain,4.806081583689593,False,Spain
2022,ESP,Spain,4.976516172805248,False,Spain
2023,ESP,Spain,4.7864408698240775,False,Spain
2000,EST,Estonia,20.03156602046071,False,Estonia
2001,EST,Estonia,18.2339863792327,False,Estonia
2002,EST,Estonia,18.03373470409928,False,Estonia
2003,EST,Estonia,17.390299535687063,False,Estonia
2004,EST,Estonia,16.63903970573884,False,Estonia
2005,EST,Estonia,16.815758495929142,False,Estonia
2006,EST,Estonia,16.97662397936449,False,Estonia
2007,EST,Estonia,15.232513144236112,False,Estonia
2008,EST,Estonia,12.724753840419908,False,Estonia
2009,EST,Estonia,10.709223776988264,False,Estonia
2010,EST,Estonia,9.573005396907954,False,Estonia
2011,EST,Estonia,10.06741424543715,False,Estonia
2012,EST,Estonia,8.785419902435194,False,Estonia
2013,EST,Estonia,8.399671896336766,False,Estonia
2014,EST,Estonia,7.3113559194602455,False,Estonia
2015,EST,Estonia,6.607330174323097,False,Estonia
2016,EST,Estonia,6.425501104071026,False,Estonia
2017,EST,Estonia,6.097961623074502,False,Estonia
2018,EST,Estonia,6.031408231911854,False,Estonia
2019,EST,Estonia,5.338181155208067,False,Estonia
2020,EST,Estonia,5.403588716872469,False,Estonia
2021,EST,Estonia,5.259743307086497,False,Estonia
2022,EST,Estonia,5.084892783727964,False,Estonia
2023,EST,Estonia,5.050383722740903,False,Estonia
2000,FIN,Finland,6.176412610231846,False,Finland
2001,FIN,Finland,6.31677150768416,False,Finland
2002,FIN,Finland,6.774585060744226,False,Finland
2003,FIN,Finland,6.259775448393438,False,Finland
2004,FIN,Finland,6.070867347634258,False,Finland
2005,FIN,Finland,6.506020684748433,False,Finland
2006,FIN,Finland,5.825616331683929,False,Finland
2007,FIN,Finland,5.994183354276798,False,Finland
2008,FIN,Finland,5.555966772044787,False,Finland
2009,FIN,Finland,4.807296277204509,False,Finland
2010,FIN,Finland,4.461997049106719,False,Finland
2011,FIN,Finland,4.036844430379448,False,Finland
2012,FIN,Finland,3.8197303052021194,False,Finland
2013,FIN,Finland,3.9502371874565,False,Finland
2014,FIN,Finland,3.7129728841384053,False,Finland
2015,FIN,Finland,3.6761598433502733,False,Finland
2016,FIN,Finland,3.717428434241995,False,Finland
2017,FIN,Finland,3.479235897763127,False,Finland
2018,FIN,Finland,3.509013153501775,False,Finland
2019,FIN,Finland,3.749873893265354,False,Finland
2020,FIN,Finland,3.8311305767356023,False,Finland
2021,FIN,Finland,3.8312177031400427,False,Finland
2022,FIN,Finland,3.537603989180207,False,Finland
2023,FIN,Finland,3.620515119194254,False,Finland
2000,FRA,France,13.957734268791885,False,France
2001,FRA,France,13.341311587349669,False,France
2002,FRA,France,12.689832607208569,False,France
2003,FRA,France,11.25584545473474,False,France
2004,FRA,France,10.218627445314183,False,France
2005,FRA,France,9.633749631085031,False,France
2006,FRA,France,9.130750855501763,False,France
2007,FRA,France,8.786592887199173,False,France
2008,FRA,France,8.484956365444733,False,France
2009,FRA,France,8.270736322307817,False,France
2010,FRA,France,7.936569708613737,False,France
2011,FRA,France,7.475502787295751,False,France
2012,FRA,France,6.756543252665178,False,France
2013,FRA,France,6.250388381137945,False,France
2014,FRA,France,6.037279637313958,False,France
2015,FRA,France,5.988339418215972,False,France
2016,FRA,France,5.824224898883697,False,France
2017,FRA,France,5.722479177375279,False,France
2018,FRA,France,5.308946060183625,False,France
2019,FRA,France,5.128629452346738,False,France
2020,FRA,France,4.616365359693304,False,France
2021,FRA,France,4.441518290221397,False,France
2022,FRA,France,4.877636549422341,False,France
2023,FRA,France,4.988448816422501,False,France
2000,GBR,United Kingdom,6.560211345849364,False,United Kingdom
2001,GBR,United Kingdom,6.567607863716928,False,United Kingdom
2002,GBR,United Kingdom,6.482535006424246,False,United Kingdom
2003,GBR,United Kingdom,6.329922142194254,False,United Kingdom
2004,GBR,United Kingdom,6.203638963804224,False,United Kingdom
2005,GBR,United Kingdom,6.181054261549461,False,United Kingdom
2006,GBR,United Kingdom,6.218044264318299,False,United Kingdom
2007,GBR,United Kingdom,5.92597631002591,False,United Kingdom
2008,GBR,United Kingdom,5.225995089678573,False,United Kingdom
2009,GBR,United Kingdom,4.697276717774814,False,United Kingdom
2010,GBR,United Kingdom,3.9417342258181307,False,United Kingdom
2011,GBR,United Kingdom,3.5769188217837433,False,United Kingdom
2012,GBR,United Kingdom,3.1932552435101593,False,United Kingdom
2013,GBR,United Kingdom,3.0215986395725407,False,United Kingdom
2014,GBR,United Kingdom,3.18471281296667,False,United Kingdom
2015,GBR,United Kingdom,3.1041120084588982,False,United Kingdom
2016,GBR,United Kingdom,3.007757962965975,False,United Kingdom
2017,GBR,United Kingdom,2.8431594206317667,False,United Kingdom
2018,GBR,United Kingdom,2.7031268577884315,False,United Kingdom
2019,GBR,United Kingdom,2.5192102315509226,False,United Kingdom
2020,GBR,United Kingdom,2.445889504907219,False,United Kingdom
2021,GBR,United Kingdom,2.540669073597374,False,United Kingdom
2022,GBR,United Kingdom,2.6362508973655863,False,United Kingdom
2023,GBR,United Kingdom,2.8041342955497313,False,United Kingdom
2000,GRC,Greece,21.07347640365047,False,Greece
2001,GRC,Greece,19.695112519976668,False,Greece
2002,GRC,Greece,19.007545398518545,False,Greece
2003,GRC,Greece,18.74885730161263,False,Greece
2004,GRC,Greece,18.853973677958635,False,Greece
2005,GRC,Greece,18.97457880786351,False,Greece
2006,GRC,Greece,19.395050048060618,False,Greece
2007,GRC,Greece,18.94529943991863,False,Greece
2008,GRC,Greece,18.648593069600075,False,Greece
2009,GRC,Greece,17.599660392639233,False,Greece
2010,GRC,Greece,15.992423256243612,False,Greece
2011,GRC,Greece,14.45273857511912,False,Greece
2012,GRC,Greece,13.410244213529335,False,Greece
2013,GRC,Greece,11.981482472508324,False,Greece
2014,GRC,Greece,11.523853946018923,False,Greece
2015,GRC,Greece,11.64108147711239,False,Greece
2016,GRC,Greece,11.44078279816755,False,Greece
2017,GRC,Greece,11.21231838771942,False,Greece
2018,GRC,Greece,10.708290110733072,False,Greece
2019,GRC,Greece,10.502410573541148,False,Greece
2020,GRC,Greece,10.103769534331159,False,Greece
2021,GRC,Greece,10.255359412732842,False,Greece
2022,GRC,Greece,10.329304007116159,False,Greece
2023,GRC,Greece,10.289983728555404,False,Greece
2000,HUN,Hungary,15.351508407451702,False,Hungary
2001,HUN,Hungary,15.813995763664517,False,Hungary
2002,HUN,Hungary,16.78458199305538,False,Hungary
2003,HUN,Hungary,17.22051564484849,False,Hungary
2004,HUN,Hungary,16.8902659690242,False,Hungary
2005,HUN,Hungary,16.776128939912304,False,Hungary
2006,HUN,Hungary,16.91368565170768,False,Hungary
2007,HUN,Hungary,15.63711279631714,False,Hungary
2008,HUN,Hungary,13.5976117302136,False,Hungary
2009,HUN,Hungary,11.647626122401508,False,Hungary
2010,HUN,Hungary,10.245383342055877,False,Hungary
2011,HUN,Hungary,9.113540906276176,False,Hungary
2012,HUN,Hungary,8.442329342473856,False,Hungary
2013,HUN,Hungary,8.16718956772981,False,Hungary
2014,HUN,Hungary,8.044525219096538,False,Hungary
2015,HUN,Hungary,8.710989770799797,False,Hungary
2016,HUN,Hungary,9.058567431959517,False,Hungary
2017,HUN,Hungary,8.804346935138113,False,Hungary
2018,HUN,Hungary,8.532921401236262,False,Hungary
2019,HUN,Hungary,8.100076667377632,False,Hungary
2020,HUN,Hungary,7.594536062024076,False,Hungary
2021,HUN,Hungary,8.149532097937595,False,Hungary
2022,HUN,Hungary,7.846671388663628,False,Hungary
2023,HUN,Hungary,7.58681536261507,False,Hungary
2000,IRL,Ireland,10.504645722527961,False,Ireland
2001,IRL,Ireland,9.956168633369835,False,Ireland
2002,IRL,Ireland,9.052692582037977,False,Ireland
2003,IRL,Ireland,8.35067660082004,False,Ireland
2004,IRL,Ireland,7.384214043337875,False,Ireland
2005,IRL,Ireland,6.968328210491446,False,Ireland
2006,IRL,Ireland,6.8129165662006805,False,Ireland
2007,IRL,Ireland,6.458288867249545,False,Ireland
2008,IRL,Ireland,5.754028833108981,False,Ireland
2009,IRL,Ireland,5.240575060025599,False,Ireland
2010,IRL,Ireland,4.446748294967303,False,Ireland
2011,IRL,Ireland,3.8194612105599526,False,Ireland
2012,IRL,Ireland,3.4991022322201863,False,Ireland
2013,IRL,Ireland,3.550568507365993,False,Ireland
2014,IRL,Ireland,3.1567548573966913,False,Ireland
2015,IRL,Ireland,2.786660016856363,False,Ireland
2016,IRL,Ireland,2.713916447556355,False,Ireland
2017,IRL,Ireland,2.527264646750016,False,Ireland
2018,IRL,Ireland,2.3271937878680893,False,Ireland
2019,IRL,Ireland,2.220087539288338,False,Ireland
2020,IRL,Ireland,2.4985082111591517,False,Ireland
2021,IRL,Ireland,2.1893874257898296,False,Ireland
2022,IRL,Ireland,2.256345901303483,False,Ireland
2023,IRL,Ireland,2.306157681537306,False,Ireland
2000,ISL,Iceland,5.010329547780497,False,Iceland
2001,ISL,Iceland,4.789835862033973,False,Iceland
2002,ISL,Iceland,4.894906795632797,False,Iceland
2003,ISL,Iceland,4.2128315525210835,False,Iceland
2004,ISL,Iceland,3.7994993290272276,False,Iceland
2005,ISL,Iceland,3.6729451082523217,False,Iceland
2006,ISL,Iceland,3.620298835002617,False,Iceland
2007,ISL,Iceland,3.3065927113740265,False,Iceland
2008,ISL,Iceland,3.1412483026457845,False,Iceland
2009,ISL,Iceland,2.89266889768473,False,Iceland
2010,ISL,Iceland,2.488552790675495,False,Iceland
2011,ISL,Iceland,2.5835738506773334,False,Iceland
2012,ISL,Iceland,2.438448857719204,False,Iceland
2013,ISL,Iceland,2.3494119223350056,False,Iceland
2014,ISL,Iceland,2.0363312997407594,False,Iceland
2015,ISL,Iceland,2.1075375099521554,False,Iceland
2016,ISL,Iceland,2.149811985693549,False,Iceland
2017,ISL,Iceland,1.9162963904805146,False,Iceland
2018,ISL,Iceland,1.932050798593268,False,Iceland
2019,ISL,Iceland,2.0373901696532393,False,Iceland
2020,ISL,Iceland,2.191533589708758,False,Iceland
2021,ISL,Iceland,1.9697739321987644,False,Iceland
2022,ISL,Iceland,2.4650274291463656,False,Iceland
2023,ISL,Iceland,2.5072582025965175,False,Iceland
2000,ISR,Israel,10.263520516881801,False,Israel
2001,ISR,Israel,10.237480260607382,False,Israel
2002,ISR,Israel,9.757637411921518,False,Israel
2003,ISR,Israel,9.168820163460857,False,Israel
2004,ISR,Israel,8.453095259479838,False,Israel
2005,ISR,Israel,7.93682780079783,False,Israel
2006,ISR,Israel,7.57812661625738,False,Israel
2007,ISR,Israel,7.334940430765958,False,Israel
2008,ISR,Israel,6.92752625837079,False,Israel
2009,ISR,Israel,6.213852138193628,False,Israel
2010,ISR,Israel,5.678149253755347,False,Israel
2011,ISR,Israel,5.574734340281427,False,Israel
2012,ISR,Israel,4.785246377818515,False,Israel
2013,ISR,Israel,5.110152568649925,False,Israel
2014,ISR,Israel,4.937353022850282,False,Israel
2015,ISR,Israel,5.066661637644498,False,Israel
2016,ISR,Israel,5.141595930666376,False,Israel
2017,ISR,Israel,5.1486012905874174,False,Israel
2018,ISR,Israel,4.84942846767236,False,Israel
2019,ISR,Israel,4.603123478992664,False,Israel
2020,ISR,Israel,4.5456008739850935,False,Israel
2021,ISR,Israel,4.594296142742864,False,Israel
2022,ISR,Israel,4.6589481658732215,False,Israel
2023,ISR,Israel,4.3795353013174445,False,Israel
2000,ITA,Italy,15.898857379236805,False,Italy
2001,ITA,Italy,15.723613357966645,False,Italy
2002,ITA,Italy,15.442813163659007,False,Italy
2003,ITA,Italy,14.517000046311006,False,Italy
2004,ITA,Italy,13.577096200285546,False,Italy
2005,ITA,Italy,12.902104491826314,False,Italy
2006,ITA,Italy,12.499123092306718,False,Italy
2007,ITA,Italy,11.97968013490825,False,Italy
2008,ITA,Italy,10.977579360959385,False,Italy
2009,ITA,Italy,9.835955503983744,False,Italy
2010,ITA,Italy,9.082731678987422,False,Italy
2011,ITA,Italy,8.546212882352181,False,Italy
2012,ITA,Italy,8.22253542221896,False,Italy
2013,ITA,Italy,7.4262284438737725,False,Italy
2014,ITA,Italy,7.231273365206576,False,Italy
2015,ITA,Italy,7.344475038148252,False,Italy
2016,ITA,Italy,7.410063828563654,False,Italy
2017,ITA,Italy,7.532076752849262,False,Italy
2018,ITA,Italy,7.249163180017352,False,Italy
2019,ITA,Italy,7.002729023024578,False,Italy
2020,ITA,Italy,6.390222218824377,False,Italy
2021,ITA,Italy,6.9983739304009935,False,Italy
2022,ITA,Italy,6.828086458607397,False,Italy
2023,ITA,Italy,6.612045964774987,False,Italy
2000,JPN,Japan,8.159964268299936,False,Japan
2001,JPN,Japan,7.720998002467145,False,Japan
2002,JPN,Japan,7.241031810453226,False,Japan
2003,JPN,Japan,6.800020593160259,False,Japan
2004,JPN,Japan,6.351146603551839,False,Japan
2005,JPN,Japan,5.908292041721595,False,Japan
2006,JPN,Japan,5.305871692770526,False,Japan
2007,JPN,Japan,4.706791041944205,False,Japan
2008,JPN,Japan,4.421130713940148,False,Japan
2009,JPN,Japan,4.214892072552043,False,Japan
2010,JPN,Japan,4.0569560021145445,False,Japan
2011,JPN,Japan,3.904812444212365,False,Japan
2012,JPN,Japan,3.583274950072972,False,Japan
2013,JPN,Japan,3.514266929192015,False,Japan
2014,JPN,Japan,3.484761113509716,False,Japan
2015,JPN,Japan,3.493685198548558,False,Japan
2016,JPN,Japan,3.3478971346720288,False,Japan
2017,JPN,Japan,3.1667424271209,False,Japan
2018,JPN,Japan,3.089017312978269,False,Japan
2019,JPN,Japan,2.9667870984826084,False,Japan
2020,JPN,Japan,2.7667807375089657,False,Japan
2021,JPN,Japan,2.5830258093178857,False,Japan
2022,JPN,Japan,2.5496924259813034,False,Japan
2023,JPN,Japan,2.7528021437106993,False,Japan
2000,KOR,South Korea,19.94322571487251,False,South Korea
2001,KOR,South Korea,17.932982665331775,False,South Korea
2002,KOR,South Korea,16.364140255186356,False,South Korea
2003,KOR,South Korea,15.487010954039224,False,South Korea
2004,KOR,South Korea,14.398290590643358,False,South Korea
2005,KOR,South Korea,13.321827108552215,False,South Korea
2006,KOR,South Korea,12.540230568378773,False,South Korea
2007,KOR,South Korea,12.210040747071382,False,South Korea
2008,KOR,South Korea,12.266151855281926,False,South Korea
2009,KOR,South Korea,12.13640848609073,False,South Korea
2010,KOR,South Korea,11.834677854952314,False,South Korea
2011,KOR,South Korea,11.132873517287901,False,South Korea
2012,KOR,South Korea,10.412219255508218,False,South Korea
2013,KOR,South Korea,9.614836317192708,False,South Korea
2014,KOR,South Korea,9.033198555599734,False,South Korea
2015,KOR,South Korea,8.55073645464011,False,South Korea
2016,KOR,South Korea,8.08686646555833,False,South Korea
2017,KOR,South Korea,7.739537934752969,False,South Korea
2018,KOR,South Korea,7.5129529127860115,False,South Korea
2019,KOR,South Korea,7.168356362240395,False,South Korea
2020,KOR,South Korea,6.9469148195577,False,South Korea
2021,KOR,South Korea,6.834523875043743,False,South Korea
2022,KOR,South Korea,6.729553399825632,False,South Korea
2023,KOR,South Korea,6.4110295560219175,False,South Korea
2000,LTU,Lithuania,25.4467508618646,True,Lithuania
2001,LTU,Lithuania,25.48625125905691,True,Lithuania
2002,LTU,Lithuania,25.892188748700313,True,Lithuania
2003,LTU,Lithuania,28.323665926795748,True,Lithuania
2004,LTU,Lithuania,29.178258492179445,True,Lithuania
2005,LTU,Lithuania,29.451960461838777,True,Lithuania
2006,LTU,Lithuania,29.721810981998626,True,Lithuania
2007,LTU,Lithuania,27.82330991301108,True,Lithuania
2008,LTU,Lithuania,21.953105226322272,True,Lithuania
2009,LTU,Lithuania,18.688057005274093,True,Lithuania
2010,LTU,Lithuania,15.504162573150774,True,Lithuania
2011,LTU,Lithuania,14.77887149326239,True,Lithuania
2012,LTU,Lithuania,14.951263666913718,True,Lithuania
2013,LTU,Lithuania,13.501873185835628,True,Lithuania
2014,LTU,Lithuania,13.122087245066847,True,Lithuania
2015,LTU,Lithuania,11.932630899371235,True,Lithuania
2016,LTU,Lithuania,10.933247401351363,True,Lithuania
2017,LTU,Lithuania,10.304668062707137,True,Lithuania
2018,LTU,Lithuania,9.67149730638483,True,Lithuania
2019,LTU,Lithuania,9.832803607850952,True,Lithuania
2020,LTU,Lithuania,9.556551292948555,True,Lithuania
2021,LTU,Lithuania,8.768277663047188,True,Lithuania
2022,LTU,Lithuania,8.451931565160125,True,Lithuania
2023,LTU,Lithuania,8.505447835732685,True,Lithuania
2000,LUX,Luxembourg,12.95463221534338,False,Luxembourg
2001,LUX,Luxembourg,12.301233894064323,False,Luxembourg
2002,LUX,Luxembourg,11.507794009877964,False,Luxembourg
2003,LUX,Luxembourg,10.817822613640649,False,Luxembourg
2004,LUX,Luxembourg,9.447070086799378,False,Luxembourg
2005,LUX,Luxembourg,8.410770654698515,False,Luxembourg
2006,LUX,Luxembourg,8.251508211789545,False,Luxembourg
2007,LUX,Luxembourg,7.646547018862498,False,Luxembourg
2008,LUX,Luxembourg,6.985040585313901,False,Luxembourg
2009,LUX,Luxembourg,6.375878682439383,False,Luxembourg
2010,LUX,Luxembourg,5.755206653565315,False,Luxembourg
2011,LUX,Luxembourg,5.42438933855118,False,Luxembourg
2012,LUX,Luxembourg,5.4025186293984415,False,Luxembourg
2013,LUX,Luxembourg,5.140639096392626,False,Luxembourg
2014,LUX,Luxembourg,5.135140497554378,False,Luxembourg
2015,LUX,Luxembourg,4.620422109962092,False,Luxembourg
2016,LUX,Luxembourg,4.556180816852274,False,Luxembourg
2017,LUX,Luxembourg,4.422070479181398,False,Luxembourg
2018,LUX,Luxembourg,4.274648145685866,False,Luxembourg
2019,LUX,Luxembourg,3.6971753553800983,False,Luxembourg
2020,LUX,Luxembourg,3.318437335733036,False,Luxembourg
2021,LUX,Luxembourg,3.225194230762803,False,Luxembourg
2022,LUX,Luxembourg,3.3955205147039376,False,Luxembourg
2023,LUX,Luxembourg,3.7084110963076364,False,Luxembourg
2000,LVA,Latvia,31.357889645411547,False,Latvia
2001,LVA,Latvia,28.685235512243093,False,Latvia
2002,LVA,Latvia,27.915741132141246,False,Latvia
2003,LVA,Latvia,27.683668409486614,False,Latvia
2004,LVA,Latvia,26.302334514847466,False,Latvia
2005,LVA,Latvia,24.097951699093908,False,Latvia
2006,LVA,Latvia,23.278024839394313,False,Latvia
2007,LVA,Latvia,22.77858572316157,False,Latvia
2008,LVA,Latvia,18.69207800653089,False,Latvia
2009,LVA,Latvia,14.815883029792863,False,Latvia
2010,LVA,Latvia,12.660510148405919,False,Latvia
2011,LVA,Latvia,12.772444309687241,False,Latvia
2012,LVA,Latvia,11.610851064449575,False,Latvia
2013,LVA,Latvia,12.130414944344578,False,Latvia
2014,LVA,Latvia,12.801189402234893,False,Latvia
2015,LVA,Latvia,12.210318896838782,False,Latvia
2016,LVA,Latvia,11.03209996405442,False,Latvia
2017,LVA,Latvia,9.404627309538274,False,Latvia
2018,LVA,Latvia,10.019604713486503,False,Latvia
2019,LVA,Latvia,10.099066042187527,False,Latvia
2020,LVA,Latvia,9.810303539021156,False,Latvia
2021,LVA,Latvia,10.82486088968123,False,Latvia
2022,LVA,Latvia,11.683789245000682,False,Latvia
2023,LVA,Latvia,11.599067085994765,False,Latvia
2000,MEX,Mexico,20.11979774777259,True,Mexico
2001,MEX,Mexico,19.487080551793085,True,Mexico
2002,MEX,Mexico,19.448967089092896,True,Mexico
2003,MEX,Mexico,19.290477558575795,True,Mexico
2004,MEX,Mexico,19.494494180609998,True,Mexico
2005,MEX,Mexico,19.80906384459059,True,Mexico
2006,MEX,Mexico,20.213020617656802,True,Mexico
2007,MEX,Mexico,20.651001972044106,True,Mexico
2008,MEX,Mexico,21.417389284377045,True,Mexico
2009,MEX,Mexico,21.411027990581896,True,Mexico
2010,MEX,Mexico,21.048959376961143,True,Mexico
2011,MEX,Mexico,20.075146565209238,True,Mexico
2012,MEX,Mexico,19.27545873607635,True,Mexico
2013,MEX,Mexico,17.91369112951323,True,Mexico
2014,MEX,Mexico,17.43831574757355,True,Mexico
2015,MEX,Mexico,17.454623691378405,True,Mexico
2016,MEX,Mexico,17.797349321522383,True,Mexico
2017,MEX,Mexico,17.84139171220634,True,Mexico
2018,MEX,Mexico,17.484528265927594,True,Mexico
2019,MEX,Mexico,16.924785044357822,True,Mexico
2020,MEX,Mexico,16.376900787932477,True,Mexico
2021,MEX,Mexico,17.4983556928331,True,Mexico
2022,MEX,Mexico,17.34311654852342,True,Mexico
2023,MEX,Mexico,16.399456779363575,True,Mexico
2000,NLD,Netherlands,7.405901238521574,True,Netherlands
2001,NLD,Netherlands,7.038724883116971,True,Netherlands
2002,NLD,Netherlands,6.866030025132659,True,Netherlands
2003,NLD,Netherlands,6.536261956065153,True,Netherlands
2004,NLD,Netherlands,5.631340986320754,True,Netherlands
2005,NLD,Netherlands,5.214268583189629,True,Netherlands
2006,NLD,Netherlands,4.78486085959265,True,Netherlands
2007,NLD,Netherlands,4.756323675644977,True,Netherlands
2008,NLD,Netherlands,4.571929433223958,True,Netherlands
2009,NLD,Netherlands,4.37597713258643,True,Netherlands
2010,NLD,Netherlands,4.0512237568575955,True,Netherlands
2011,NLD,Netherlands,3.9038477073619435,True,Netherlands
2012,NLD,Netherlands,3.835208663669869,True,Netherlands
2013,NLD,Netherlands,3.720443324288576,True,Netherlands
2014,NLD,Netherlands,3.685274791957413,True,Netherlands
2015,NLD,Netherlands,3.909186894850553,True,Netherlands
2016,NLD,Netherlands,3.845619882147918,True,Netherlands
2017,NLD,Netherlands,3.84042876654894,True,Netherlands
2018,NLD,Netherlands,3.785890649881962,True,Netherlands
2019,NLD,Netherlands,3.7219930064122195,True,Netherlands
2020,NLD,Netherlands,3.759279955229855,True,Netherlands
2021,NLD,Netherlands,3.6347356359978544,True,Netherlands
2022,NLD,Netherlands,4.0689795430423725,True,Netherlands
2023,NLD,Netherlands,4.106920321555011,True,Netherlands
2000,NOR,Norway,6.90144412805552,False,Norway
2001,NOR,Norway,7.056335662976917,False,Norway
2002,NOR,Norway,7.353383500487644,False,Norway
2003,NOR,Norway,6.89846344480004,False,Norway
2004,NOR,Norway,6.0013536604146145,False,Norway
2005,NOR,Norway,5.184832862249909,False,Norway
2006,NOR,Norway,4.769328410062636,False,Norway
2007,NOR,Norway,5.021174500787831,False,Norway
2008,NOR,Norway,5.595756664287985,False,Norway
2009,NOR,Norway,5.36873264666931,False,Norway
2010,NOR,Norway,4.627644572145332,False,Norway
2011,NOR,Norway,3.4123020223731135,False,Norway
2012,NOR,Norway,3.605909452322372,False,Norway
2013,NOR,Norway,3.640165439448817,False,Norway
2014,NOR,Norway,3.250287710527961,False,Norway
2015,NOR,Norway,3.0888863420208414,False,Norway
2016,NOR,Norway,3.1173676579555933,False,Norway
2017,NOR,Norway,2.4916253540147038,False,Norway
2018,NOR,Norway,2.422400410004511,False,Norway
2019,NOR,Norway,2.292824639038303,False,Norway
2020,NOR,Norway,2.406623405591766,False,Norway
2021,NOR,Norway,2.0397305662073126,False,Norway
2022,NOR,Norway,1.9813845046058245,False,Norway
2023,NOR,Norway,2.2543376421568526,False,Norway
2000,NZL,New Zealand,9.448020204799406,False,New Zealand
2001,NZL,New Zealand,9.298890293718628,False,New Zealand
2002,NZL,New Zealand,9.381405600087925,False,New Zealand
2003,NZL,New Zealand,9.328879491415362,False,New Zealand
2004,NZL,New Zealand,8.869563629970337,False,New Zealand
2005,NZL,New Zealand,8.49094636471206,False,New Zealand
2006,NZL,New Zealand,8.32068519547483,False,New Zealand
2007,NZL,New Zealand,7.7793821788143545,False,New Zealand
2008,NZL,New Zealand,7.5276583270263355,False,New Zealand
2009,NZL,New Zealand,7.370826597989928,False,New Zealand
2010,NZL,New Zealand,7.8273409606271,False,New Zealand
2011,NZL,New Zealand,6.870760677137782,False,New Zealand
2012,NZL,New Zealand,6.47771622785628,False,New Zealand
2013,NZL,New Zealand,5.676611984689195,False,New Zealand
2014,NZL,New Zealand,5.268792273643306,False,New Zealand
2015,NZL,New Zealand,6.078839406695676,False,New Zealand
2016,NZL,New Zealand,6.230215519679696,False,New Zealand
2017,NZL,New Zealand,7.034573667051561,False,New Zealand
2018,NZL,New Zealand,6.095912291605984,False,New Zealand
2019,NZL,New Zealand,5.8134401090506165,False,New Zealand
2020,NZL,New Zealand,5.538749438082844,False,New Zealand
2021,NZL,New Zealand,5.4440671404361325,False,New Zealand
2022,NZL,New Zealand,5.497163179278051,False,New Zealand
2023,NZL,New Zealand,6.010010869916265,False,New Zealand
2000,POL,Poland,21.83564024507509,False,Poland
2001,POL,Poland,19.712507048171943,False,Poland
2002,POL,Poland,19.335676660957212,False,Poland
2003,POL,Poland,19.51052662500691,False,Poland
2004,POL,Poland,19.379350262976303,False,Poland
2005,POL,Poland,18.72414859210319,False,Poland
2006,POL,Poland,18.231240457637423,False,Poland
2007,POL,Poland,18.582794407577655,False,Poland
2008,POL,Poland,17.706595508154347,False,Poland
2009,POL,Poland,15.965293790643635,False,Poland
2010,POL,Poland,14.749783516345415,False,Poland
2011,POL,Poland,14.697074383876242,False,Poland
2012,POL,Poland,13.018758857035252,False,Poland
2013,POL,Poland,12.211398885597552,False,Poland
2014,POL,Poland,11.412565443367711,False,Poland
2015,POL,Poland,10.930218282554188,False,Poland
2016,POL,Poland,10.994924848893648,False,Poland
2017,POL,Poland,10.864966780132692,False,Poland
2018,POL,Poland,11.358569966865206,False,Poland
2019,POL,Poland,11.802954134894474,False,Poland
2020,POL,Poland,11.313187314118675,False,Poland
2021,POL,Poland,9.269793191032857,False,Poland
2022,POL,Poland,8.319184519145269,False,Poland
2023,POL,Poland,7.608336789148806,False,Poland
2000,PRT,Portugal,24.392821253919752,False,Portugal
2001,PRT,Portugal,23.635012371704903,False,Portugal
2002,PRT,Portugal,23.914529277419224,False,Portugal
2003,PRT,Portugal,22.54876354416223,False,Portugal
2004,PRT,Portugal,20.58418580152169,False,Portugal
2005,PRT,Portugal,19.935945396525895,False,Portugal
2006,PRT,Portugal,18.535249228674576,False,Portugal
2007,PRT,Portugal,15.88223229973652,False,Portugal
2008,PRT,Portugal,14.200223393065931,False,Portugal
2009,PRT,Portugal,13.581754152836622,False,Portugal
2010,PRT,Portugal,12.34017171953051,False,Portugal
2011,PRT,Portugal,11.24900280902473,False,Portugal
2012,PRT,Portugal,9.986654310258544,False,Portugal
2013,PRT,Portugal,9.2314128958732,False,Portugal
2014,PRT,Portugal,8.850300127054162,False,Portugal
2015,PRT,Portugal,8.907703599197415,False,Portugal
2016,PRT,Portugal,8.318226375748864,False,Portugal
2017,PRT,Portugal,8.652360825215533,False,Portugal
2018,PRT,Portugal,9.085047074254202,False,Portugal
2019,PRT,Portugal,8.714293247361436,False,Portugal
2020,PRT,Portugal,8.53701931814161,False,Portugal
2021,PRT,Portugal,8.020422003202636,False,Portugal
2022,PRT,Portugal,8.227437526843264,False,Portugal
2023,PRT,Portugal,8.25592963949535,False,Portugal
2000,SVK,Slovakia,17.16969037482335,False,Slovakia
2001,SVK,Slovakia,16.834918283096933,False,Slovakia
2002,SVK,Slovakia,16.058952059254903,False,Slovakia
2003,SVK,Slovakia,15.56393801504339,False,Slovakia
2004,SVK,Slovakia,15.142165972834704,False,Slovakia
2005,SVK,Slovakia,14.502617313307866,False,Slovakia
2006,SVK,Slovakia,13.888702604982948,False,Slovakia
2007,SVK,Slovakia,13.29582815908962,False,Slovakia
2008,SVK,Slovakia,12.530788444752275,False,Slovakia
2009,SVK,Slovakia,11.966398642072528,False,Slovakia
2010,SVK,Slovakia,11.10452188256658,False,Slovakia
2011,SVK,Slovakia,10.008269985797686,False,Slovakia
2012,SVK,Slovakia,9.015595503689187,False,Slovakia
2013,SVK,Slovakia,8.548910948675273,False,Slovakia
2014,SVK,Slovakia,8.022732012049168,False,Slovakia
2015,SVK,Slovakia,7.6469299866111315,False,Slovakia
2016,SVK,Slovakia,7.59588842422726,False,Slovakia
2017,SVK,Slovakia,7.27306763636952,False,Slovakia
2018,SVK,Slovakia,6.911020665840859,False,Slovakia
2019,SVK,Slovakia,6.716617574109396,False,Slovakia
2020,SVK,Slovakia,6.627043122786112,False,Slovakia
2021,SVK,Slovakia,6.607525430169302,False,Slovakia
2022,SVK,Slovakia,6.7255712451690055,False,Slovakia
2023,SVK,Slovakia,6.263410682004984,False,Slovakia
2000,SVN,Slovenia,17.252705282611313,False,Slovenia
2001,SVN,Slovenia,16.244589623991324,False,Slovenia
2002,SVN,Slovenia,15.640420024242545,False,Slovenia
2003,SVN,Slovenia,15.30851229156994,False,Slovenia
2004,SVN,Slovenia,15.652919840141784,False,Slovenia
2005,SVN,Slovenia,14.114417597151245,False,Slovenia
2006,SVN,Slovenia,14.179341248642572,False,Slovenia
2007,SVN,Slovenia,13.818023487735964,False,Slovenia
2008,SVN,Slovenia,12.86197840170069,False,Slovenia
2009,SVN,Slovenia,10.553690878821165,False,Slovenia
2010,SVN,Slovenia,9.278837105745875,False,Slovenia
2011,SVN,Slovenia,8.800344025460783,False,Slovenia
2012,SVN,Slovenia,7.698693213073033,False,Slovenia
2013,SVN,Slovenia,6.9554547162610305,False,Slovenia
2014,SVN,Slovenia,6.419027594683879,False,Slovenia
2015,SVN,Slovenia,6.616009509121227,False,Slovenia
2016,SVN,Slovenia,6.399159487966131,False,Slovenia
2017,SVN,Slovenia,6.139829437319059,False,Slovenia
2018,SVN,Slovenia,6.05276853792358,False,Slovenia
2019,SVN,Slovenia,6.357001058543636,False,Slovenia
2020,SVN,Slovenia,6.049533614030372,False,Slovenia
2021,SVN,Slovenia,6.176526746221871,False,Slovenia
2022,SVN,Slovenia,6.179847313493129,False,Slovenia
2023,SVN,Slovenia,5.928511350937729,False,Slovenia
2000,SWE,Sweden,5.813189010512435,False,Sweden
2001,SWE,Sweden,5.809416343415842,False,Sweden
2002,SWE,Sweden,5.659978218642619,False,Sweden
2003,SWE,Sweden,5.746635265541217,False,Sweden
2004,SWE,Sweden,5.141398460854536,False,Sweden
2005,SWE,Sweden,4.866276215489659,False,Sweden
2006,SWE,Sweden,4.81328463673235,False,Sweden
2007,SWE,Sweden,4.390711008516989,False,Sweden
2008,SWE,Sweden,4.007660516870315,False,Sweden
2009,SWE,Sweden,3.7011912981993413,False,Sweden
2010,SWE,Sweden,3.2288785764049965,False,Sweden
2011,SWE,Sweden,3.2268957222070735,False,Sweden
2012,SWE,Sweden,3.1847163411433135,False,Sweden
2013,SWE,Sweden,2.9018896213014553,False,Sweden
2014,SWE,Sweden,2.8181072727198573,False,Sweden
2015,SWE,Sweden,2.946838695747947,False,Sweden
2016,SWE,Sweden,2.8320268699051185,False,Sweden
2017,SWE,Sweden,2.729023698782484,False,Sweden
2018,SWE,Sweden,2.9586656021944817,False,Sweden
2019,SWE,Sweden,2.583375630280525,False,Sweden
2020,SWE,Sweden,2.386480563261554,False,Sweden
2021,SWE,Sweden,2.2666512000859695,False,Sweden
2022,SWE,Sweden,2.434296250165373,False,Sweden
2023,SWE,Sweden,2.5446141679296495,False,Sweden
2000,TUR,Türkiye,16.247439225537853,False,Türkiye
2001,TUR,Türkiye,14.919751716543658,False,Türkiye
2002,TUR,Türkiye,13.837818525392032,False,Türkiye
2003,TUR,Türkiye,12.993760220395485,False,Türkiye
2004,TUR,Türkiye,12.8825179922903,False,Türkiye
2005,TUR,Türkiye,13.112554501714595,False,Türkiye
2006,TUR,Türkiye,12.99888274916991,False,Türkiye
2007,TUR,Türkiye,12.39434524321304,False,Türkiye
2008,TUR,Türkiye,11.42522393206216,False,Türkiye
2009,TUR,Türkiye,10.155982925439007,False,Türkiye
2010,TUR,Türkiye,9.751679643552396,False,Türkiye
2011,TUR,Türkiye,9.883017704232223,False,Türkiye
2012,TUR,Türkiye,10.072471174067257,False,Türkiye
2013,TUR,Türkiye,10.464635930221156,False,Türkiye
2014,TUR,Türkiye,10.69786462490518,False,Türkiye
2015,TUR,Türkiye,11.04683117536392,False,Türkiye
2016,TUR,Türkiye,11.694317695938837,False,Türkiye
2017,TUR,Türkiye,11.891041819757781,False,Türkiye
2018,TUR,Türkiye,11.848760902531824,False,Türkiye
2019,TUR,Türkiye,11.412207575417753,False,Türkiye
2020,TUR,Türkiye,11.346930970182243,False,Türkiye
2021,TUR,Türkiye,11.666740921555055,False,Türkiye
2022,TUR,Türkiye,11.576975533212153,False,Türkiye
2023,TUR,Türkiye,11.339461499619741,False,Türkiye
2000,USA,United States,12.271515174654798,True,United States
2001,USA,United States,12.608135013075161,True,United States
2002,USA,United States,12.827698182622177,True,United States
2003,USA,United States,12.711173866190487,True,United States
2004,USA,United States,12.5298146537001,True,United States
2005,USA,United States,13.01503776787693,True,United States
2006,USA,United States,13.047189011387953,True,United States
2007,USA,United States,12.719544146595204,True,United States
2008,USA,United States,11.894706516079472,True,United States
2009,USA,United States,10.737161051267684,True,United States
2010,USA,United States,10.089860238365372,True,United States
2011,USA,United States,10.132546496847244,True,United States
2012,USA,United States,10.167852262519197,True,United States
2013,USA,United States,10.069974099695447,True,United States
2014,USA,United States,10.186933463634343,True,United States
2015,USA,United States,10.837341236760542,True,United States
2016,USA,United States,11.490902816715444,True,United States
2017,USA,United States,11.461164489748201,True,United States
2018,USA,United States,10.9506217318457,True,United States
2019,USA,United States,11.161246645949914,True,United States
2020,USA,United States,12.670371710807839,True,United States
2021,USA,United States,13.419771022124841,True,United States
2022,USA,United States,13.339994318424719,True,United States
2023,USA,United States,12.953004313077704,True,United States
2000,OECD,OECD average,14.234348881345047,False,OECD average
2001,OECD,OECD average,13.675748489622894,False,OECD average
2002,OECD,OECD average,13.35392026262579,False,OECD average
2003,OECD,OECD average,13.015266655647798,False,OECD average
2004,OECD,OECD average,12.50974336343177,False,OECD average
2005,OECD,OECD average,12.117600306235273,False,OECD average
2006,OECD,OECD average,11.802600379697921,False,OECD average
2007,OECD,OECD average,11.427718554107832,False,OECD average
2008,OECD,OECD average,10.63035911953525,False,OECD average
2009,OECD,OECD average,9.757355624768255,False,OECD average
2010,OECD,OECD average,8.993608971581066,False,OECD average
2011,OECD,OECD average,8.555533985457577,False,OECD average
2012,OECD,OECD average,8.131618360192208,False,OECD average
2013,OECD,OECD average,7.808609150681611,False,OECD average
2014,OECD,OECD average,7.649993652644042,False,OECD average
2015,OECD,OECD average,7.656989270666149,False,OECD average
2016,OECD,OECD average,7.591208472346295,False,OECD average
2017,OECD,OECD average,7.428966820231051,False,OECD average
2018,OECD,OECD average,7.249010578334548,False,OECD average
2019,OECD,OECD average,7.125542642207125,False,OECD average
2020,OECD,OECD average,6.901680619755973,False,OECD average
2021,OECD,OECD average,7.013299139820014,False,OECD average
2022,OECD,OECD average,7.22321866063841,False,OECD average
2023,OECD,OECD average,7.081401903585568,False,OECD average
